Name of game,Name of author,Game artwork,Game code,License,Like count,Game description,Top-5 comments
PICO-8,Blog,https://www.lexaloffle.com/gfx/top_pulldown.png,https://www.lexaloffle.com/bbs?cat=7&sub=2,,,PICO-8 FAQ | Resources | Forum | Carts Voxatron FAQ | Devmap | Forum | Carts BBS Blog,Log In PICO-8 FAQ | Resources | Forum | Carts Voxatron FAQ | Devmap | Forum | Carts BBS Blog Log In User: Password: New User | Account Help PICO-8 Voxatron Picotron PICO-8 Voxatron Picotron BBS | Blog | Superblog | GIFs NEW! About | Contact | Updates | Terms of Use Follow Lexaloffle: Generated 2026-09-10 07:20:42 | 0.003s | Q:0 || Log In PICO-8 FAQ | Resources | Forum | Carts Voxatron FAQ | Devmap | Forum | Carts BBS Blog || PICO-8 FAQ | Resources | Forum | Carts Voxatron FAQ | Devmap | Forum | Carts BBS Blog || FAQ | Resources | Forum | Carts || FAQ | Devmap | Forum | Carts
PICO-8,Blog,https://www.lexaloffle.com/gfx/top_pulldown.png,https://www.lexaloffle.com/bbs?cat=7&sub=2,,,PICO-8 FAQ | Resources | Forum | Carts Voxatron FAQ | Devmap | Forum | Carts BBS Blog,Log In PICO-8 FAQ | Resources | Forum | Carts Voxatron FAQ | Devmap | Forum | Carts BBS Blog Log In User: Password: New User | Account Help PICO-8 Voxatron Picotron PICO-8 Voxatron Picotron BBS | Blog | Superblog | GIFs NEW! About | Contact | Updates | Terms of Use Follow Lexaloffle: Generated 2026-09-10 07:20:43 | 0.003s | Q:0 || Log In PICO-8 FAQ | Resources | Forum | Carts Voxatron FAQ | Devmap | Forum | Carts BBS Blog || PICO-8 FAQ | Resources | Forum | Carts Voxatron FAQ | Devmap | Forum | Carts BBS Blog || FAQ | Resources | Forum | Carts || FAQ | Devmap | Forum | Carts
PICO-8,Blog,https://www.lexaloffle.com/gfx/top_pulldown.png,https://www.lexaloffle.com/bbs?cat=7&sub=2,,,PICO-8 FAQ | Resources | Forum | Carts Voxatron FAQ | Devmap | Forum | Carts BBS Blog,Log In PICO-8 FAQ | Resources | Forum | Carts Voxatron FAQ | Devmap | Forum | Carts BBS Blog Log In User: Password: New User | Account Help PICO-8 Voxatron Picotron PICO-8 Voxatron Picotron BBS | Blog | Superblog | GIFs NEW! About | Contact | Updates | Terms of Use Follow Lexaloffle: Generated 2026-09-10 07:20:44 | 0.003s | Q:0 || Log In PICO-8 FAQ | Resources | Forum | Carts Voxatron FAQ | Devmap | Forum | Carts BBS Blog || PICO-8 FAQ | Resources | Forum | Carts Voxatron FAQ | Devmap | Forum | Carts BBS Blog || FAQ | Resources | Forum | Carts || FAQ | Devmap | Forum | Carts
PICO-8,Blog,https://www.lexaloffle.com/gfx/top_pulldown.png,https://www.lexaloffle.com/bbs?cat=7&sub=2,,,PICO-8 FAQ | Resources | Forum | Carts Voxatron FAQ | Devmap | Forum | Carts BBS Blog,Log In PICO-8 FAQ | Resources | Forum | Carts Voxatron FAQ | Devmap | Forum | Carts BBS Blog Log In User: Password: New User | Account Help PICO-8 Voxatron Picotron PICO-8 Voxatron Picotron BBS | Blog | Superblog | GIFs NEW! About | Contact | Updates | Terms of Use Follow Lexaloffle: Generated 2026-09-10 07:20:45 | 0.005s | Q:0 || Log In PICO-8 FAQ | Resources | Forum | Carts Voxatron FAQ | Devmap | Forum | Carts BBS Blog || PICO-8 FAQ | Resources | Forum | Carts Voxatron FAQ | Devmap | Forum | Carts BBS Blog || FAQ | Resources | Forum | Carts || FAQ | Devmap | Forum | Carts
PICO-8,Blog,https://www.lexaloffle.com/gfx/top_pulldown.png,https://www.lexaloffle.com/bbs?cat=7&sub=2,,,PICO-8 FAQ | Resources | Forum | Carts Voxatron FAQ | Devmap | Forum | Carts BBS Blog,Log In PICO-8 FAQ | Resources | Forum | Carts Voxatron FAQ | Devmap | Forum | Carts BBS Blog Log In User: Password: New User | Account Help PICO-8 Voxatron Picotron PICO-8 Voxatron Picotron BBS | Blog | Superblog | GIFs NEW! About | Contact | Updates | Terms of Use Follow Lexaloffle: Generated 2026-09-10 07:20:46 | 0.004s | Q:0 || Log In PICO-8 FAQ | Resources | Forum | Carts Voxatron FAQ | Devmap | Forum | Carts BBS Blog || PICO-8 FAQ | Resources | Forum | Carts Voxatron FAQ | Devmap | Forum | Carts BBS Blog || FAQ | Resources | Forum | Carts || FAQ | Devmap | Forum | Carts
PICO-8,Blog,https://www.lexaloffle.com/gfx/top_pulldown.png,https://www.lexaloffle.com/bbs?cat=7&sub=2,,,PICO-8 FAQ | Resources | Forum | Carts Voxatron FAQ | Devmap | Forum | Carts BBS Blog,Log In PICO-8 FAQ | Resources | Forum | Carts Voxatron FAQ | Devmap | Forum | Carts BBS Blog Log In User: Password: New User | Account Help PICO-8 Voxatron Picotron PICO-8 Voxatron Picotron BBS | Blog | Superblog | GIFs NEW! About | Contact | Updates | Terms of Use Follow Lexaloffle: Generated 2026-09-10 07:20:47 | 0.003s | Q:0 || Log In PICO-8 FAQ | Resources | Forum | Carts Voxatron FAQ | Devmap | Forum | Carts BBS Blog || PICO-8 FAQ | Resources | Forum | Carts Voxatron FAQ | Devmap | Forum | Carts BBS Blog || FAQ | Resources | Forum | Carts || FAQ | Devmap | Forum | Carts
PICO-8,Blog,https://www.lexaloffle.com/gfx/top_pulldown.png,https://www.lexaloffle.com/bbs?cat=7&sub=2,,,PICO-8 FAQ | Resources | Forum | Carts Voxatron FAQ | Devmap | Forum | Carts BBS Blog,Log In PICO-8 FAQ | Resources | Forum | Carts Voxatron FAQ | Devmap | Forum | Carts BBS Blog Log In User: Password: New User | Account Help PICO-8 Voxatron Picotron PICO-8 Voxatron Picotron BBS | Blog | Superblog | GIFs NEW! About | Contact | Updates | Terms of Use Follow Lexaloffle: Generated 2026-09-10 07:20:48 | 0.003s | Q:0 || Log In PICO-8 FAQ | Resources | Forum | Carts Voxatron FAQ | Devmap | Forum | Carts BBS Blog || PICO-8 FAQ | Resources | Forum | Carts Voxatron FAQ | Devmap | Forum | Carts BBS Blog || FAQ | Resources | Forum | Carts || FAQ | Devmap | Forum | Carts
PICO-8,Blog,https://www.lexaloffle.com/gfx/top_pulldown.png,https://www.lexaloffle.com/bbs?cat=7&sub=2,,,PICO-8 FAQ | Resources | Forum | Carts Voxatron FAQ | Devmap | Forum | Carts BBS Blog,Log In PICO-8 FAQ | Resources | Forum | Carts Voxatron FAQ | Devmap | Forum | Carts BBS Blog Log In User: Password: New User | Account Help PICO-8 Voxatron Picotron PICO-8 Voxatron Picotron BBS | Blog | Superblog | GIFs NEW! About | Contact | Updates | Terms of Use Follow Lexaloffle: Generated 2026-09-10 07:20:50 | 0.003s | Q:0 || Log In PICO-8 FAQ | Resources | Forum | Carts Voxatron FAQ | Devmap | Forum | Carts BBS Blog || PICO-8 FAQ | Resources | Forum | Carts Voxatron FAQ | Devmap | Forum | Carts BBS Blog || FAQ | Resources | Forum | Carts || FAQ | Devmap | Forum | Carts
PICO-8,Blog,https://www.lexaloffle.com/gfx/top_pulldown.png,https://www.lexaloffle.com/bbs?cat=7&sub=2,,,PICO-8 FAQ | Resources | Forum | Carts Voxatron FAQ | Devmap | Forum | Carts BBS Blog,Log In PICO-8 FAQ | Resources | Forum | Carts Voxatron FAQ | Devmap | Forum | Carts BBS Blog Log In User: Password: New User | Account Help PICO-8 Voxatron Picotron PICO-8 Voxatron Picotron BBS | Blog | Superblog | GIFs NEW! About | Contact | Updates | Terms of Use Follow Lexaloffle: Generated 2026-09-10 07:20:51 | 0.003s | Q:0 || Log In PICO-8 FAQ | Resources | Forum | Carts Voxatron FAQ | Devmap | Forum | Carts BBS Blog || PICO-8 FAQ | Resources | Forum | Carts Voxatron FAQ | Devmap | Forum | Carts BBS Blog || FAQ | Resources | Forum | Carts || FAQ | Devmap | Forum | Carts
PICO-8,Blog,https://www.lexaloffle.com/gfx/top_pulldown.png,https://www.lexaloffle.com/bbs?cat=7&sub=2,,,PICO-8 FAQ | Resources | Forum | Carts Voxatron FAQ | Devmap | Forum | Carts BBS Blog,Log In PICO-8 FAQ | Resources | Forum | Carts Voxatron FAQ | Devmap | Forum | Carts BBS Blog Log In User: Password: New User | Account Help PICO-8 Voxatron Picotron PICO-8 Voxatron Picotron BBS | Blog | Superblog | GIFs NEW! About | Contact | Updates | Terms of Use Follow Lexaloffle: Generated 2026-09-10 07:20:52 | 0.003s | Q:0 || Log In PICO-8 FAQ | Resources | Forum | Carts Voxatron FAQ | Devmap | Forum | Carts BBS Blog || PICO-8 FAQ | Resources | Forum | Carts Voxatron FAQ | Devmap | Forum | Carts BBS Blog || FAQ | Resources | Forum | Carts || FAQ | Devmap | Forum | Carts
PICO-8,Blog,https://www.lexaloffle.com/gfx/top_pulldown.png,https://www.lexaloffle.com/bbs?cat=7&sub=2,,,PICO-8 FAQ | Resources | Forum | Carts Voxatron FAQ | Devmap | Forum | Carts BBS Blog,Log In PICO-8 FAQ | Resources | Forum | Carts Voxatron FAQ | Devmap | Forum | Carts BBS Blog Log In User: Password: New User | Account Help PICO-8 Voxatron Picotron PICO-8 Voxatron Picotron BBS | Blog | Superblog | GIFs NEW! About | Contact | Updates | Terms of Use Follow Lexaloffle: Generated 2026-09-10 07:20:53 | 0.003s | Q:0 || Log In PICO-8 FAQ | Resources | Forum | Carts Voxatron FAQ | Devmap | Forum | Carts BBS Blog || PICO-8 FAQ | Resources | Forum | Carts Voxatron FAQ | Devmap | Forum | Carts BBS Blog || FAQ | Resources | Forum | Carts || FAQ | Devmap | Forum | Carts
PICO-8,Blog,https://www.lexaloffle.com/gfx/top_pulldown.png,https://www.lexaloffle.com/bbs?cat=7&sub=2,,,PICO-8 FAQ | Resources | Forum | Carts Voxatron FAQ | Devmap | Forum | Carts BBS Blog,Log In PICO-8 FAQ | Resources | Forum | Carts Voxatron FAQ | Devmap | Forum | Carts BBS Blog Log In User: Password: New User | Account Help PICO-8 Voxatron Picotron PICO-8 Voxatron Picotron BBS | Blog | Superblog | GIFs NEW! About | Contact | Updates | Terms of Use Follow Lexaloffle: Generated 2026-09-10 07:20:54 | 0.002s | Q:0 || Log In PICO-8 FAQ | Resources | Forum | Carts Voxatron FAQ | Devmap | Forum | Carts BBS Blog || PICO-8 FAQ | Resources | Forum | Carts Voxatron FAQ | Devmap | Forum | Carts BBS Blog || FAQ | Resources | Forum | Carts || FAQ | Devmap | Forum | Carts
PICO-8,Blog,https://www.lexaloffle.com/gfx/top_pulldown.png,https://www.lexaloffle.com/bbs?cat=7&sub=2,,,PICO-8 FAQ | Resources | Forum | Carts Voxatron FAQ | Devmap | Forum | Carts BBS Blog,Log In PICO-8 FAQ | Resources | Forum | Carts Voxatron FAQ | Devmap | Forum | Carts BBS Blog Log In User: Password: New User | Account Help PICO-8 Voxatron Picotron PICO-8 Voxatron Picotron BBS | Blog | Superblog | GIFs NEW! About | Contact | Updates | Terms of Use Follow Lexaloffle: Generated 2026-09-10 07:20:55 | 0.003s | Q:0 || Log In PICO-8 FAQ | Resources | Forum | Carts Voxatron FAQ | Devmap | Forum | Carts BBS Blog || PICO-8 FAQ | Resources | Forum | Carts Voxatron FAQ | Devmap | Forum | Carts BBS Blog || FAQ | Resources | Forum | Carts || FAQ | Devmap | Forum | Carts
PICO-8,Blog,https://www.lexaloffle.com/gfx/top_pulldown.png,https://www.lexaloffle.com/bbs?cat=7&sub=2,,,PICO-8 FAQ | Resources | Forum | Carts Voxatron FAQ | Devmap | Forum | Carts BBS Blog,Log In PICO-8 FAQ | Resources | Forum | Carts Voxatron FAQ | Devmap | Forum | Carts BBS Blog Log In User: Password: New User | Account Help PICO-8 Voxatron Picotron PICO-8 Voxatron Picotron BBS | Blog | Superblog | GIFs NEW! About | Contact | Updates | Terms of Use Follow Lexaloffle: Generated 2026-09-10 07:20:56 | 0.002s | Q:0 || Log In PICO-8 FAQ | Resources | Forum | Carts Voxatron FAQ | Devmap | Forum | Carts BBS Blog || PICO-8 FAQ | Resources | Forum | Carts Voxatron FAQ | Devmap | Forum | Carts BBS Blog || FAQ | Resources | Forum | Carts || FAQ | Devmap | Forum | Carts
PICO-8,Blog,https://www.lexaloffle.com/gfx/top_pulldown.png,https://www.lexaloffle.com/bbs?cat=7&sub=2,,,PICO-8 FAQ | Resources | Forum | Carts Voxatron FAQ | Devmap | Forum | Carts BBS Blog,Log In PICO-8 FAQ | Resources | Forum | Carts Voxatron FAQ | Devmap | Forum | Carts BBS Blog Log In User: Password: New User | Account Help PICO-8 Voxatron Picotron PICO-8 Voxatron Picotron BBS | Blog | Superblog | GIFs NEW! About | Contact | Updates | Terms of Use Follow Lexaloffle: Generated 2026-09-10 07:20:57 | 0.003s | Q:0 || Log In PICO-8 FAQ | Resources | Forum | Carts Voxatron FAQ | Devmap | Forum | Carts BBS Blog || PICO-8 FAQ | Resources | Forum | Carts Voxatron FAQ | Devmap | Forum | Carts BBS Blog || FAQ | Resources | Forum | Carts || FAQ | Devmap | Forum | Carts
PICO-8,Blog,https://www.lexaloffle.com/gfx/top_pulldown.png,https://www.lexaloffle.com/bbs?cat=7&sub=2,,,PICO-8 FAQ | Resources | Forum | Carts Voxatron FAQ | Devmap | Forum | Carts BBS Blog,Log In PICO-8 FAQ | Resources | Forum | Carts Voxatron FAQ | Devmap | Forum | Carts BBS Blog Log In User: Password: New User | Account Help PICO-8 Voxatron Picotron PICO-8 Voxatron Picotron BBS | Blog | Superblog | GIFs NEW! About | Contact | Updates | Terms of Use Follow Lexaloffle: Generated 2026-09-10 07:20:58 | 0.003s | Q:0 || Log In PICO-8 FAQ | Resources | Forum | Carts Voxatron FAQ | Devmap | Forum | Carts BBS Blog || PICO-8 FAQ | Resources | Forum | Carts Voxatron FAQ | Devmap | Forum | Carts BBS Blog || FAQ | Resources | Forum | Carts || FAQ | Devmap | Forum | Carts
PICO-8,Blog,https://www.lexaloffle.com/gfx/top_pulldown.png,https://www.lexaloffle.com/bbs?cat=7&sub=2,,,PICO-8 FAQ | Resources | Forum | Carts Voxatron FAQ | Devmap | Forum | Carts BBS Blog,Log In PICO-8 FAQ | Resources | Forum | Carts Voxatron FAQ | Devmap | Forum | Carts BBS Blog Log In User: Password: New User | Account Help PICO-8 Voxatron Picotron PICO-8 Voxatron Picotron BBS | Blog | Superblog | GIFs NEW! About | Contact | Updates | Terms of Use Follow Lexaloffle: Generated 2026-09-10 07:20:59 | 0.003s | Q:0 || Log In PICO-8 FAQ | Resources | Forum | Carts Voxatron FAQ | Devmap | Forum | Carts BBS Blog || PICO-8 FAQ | Resources | Forum | Carts Voxatron FAQ | Devmap | Forum | Carts BBS Blog || FAQ | Resources | Forum | Carts || FAQ | Devmap | Forum | Carts
PICO-8,Blog,https://www.lexaloffle.com/gfx/top_pulldown.png,https://www.lexaloffle.com/bbs?cat=7&sub=2,,,PICO-8 FAQ | Resources | Forum | Carts Voxatron FAQ | Devmap | Forum | Carts BBS Blog,Log In PICO-8 FAQ | Resources | Forum | Carts Voxatron FAQ | Devmap | Forum | Carts BBS Blog Log In User: Password: New User | Account Help PICO-8 Voxatron Picotron PICO-8 Voxatron Picotron BBS | Blog | Superblog | GIFs NEW! About | Contact | Updates | Terms of Use Follow Lexaloffle: Generated 2026-09-10 07:21:00 | 0.002s | Q:0 || Log In PICO-8 FAQ | Resources | Forum | Carts Voxatron FAQ | Devmap | Forum | Carts BBS Blog || PICO-8 FAQ | Resources | Forum | Carts Voxatron FAQ | Devmap | Forum | Carts BBS Blog || FAQ | Resources | Forum | Carts || FAQ | Devmap | Forum | Carts
PICO-8,Blog,https://www.lexaloffle.com/gfx/top_pulldown.png,https://www.lexaloffle.com/bbs?cat=7&sub=2,,,PICO-8 FAQ | Resources | Forum | Carts Voxatron FAQ | Devmap | Forum | Carts BBS Blog,Log In PICO-8 FAQ | Resources | Forum | Carts Voxatron FAQ | Devmap | Forum | Carts BBS Blog Log In User: Password: New User | Account Help PICO-8 Voxatron Picotron PICO-8 Voxatron Picotron BBS | Blog | Superblog | GIFs NEW! About | Contact | Updates | Terms of Use Follow Lexaloffle: Generated 2026-09-10 07:21:01 | 0.003s | Q:0 || Log In PICO-8 FAQ | Resources | Forum | Carts Voxatron FAQ | Devmap | Forum | Carts BBS Blog || PICO-8 FAQ | Resources | Forum | Carts Voxatron FAQ | Devmap | Forum | Carts BBS Blog || FAQ | Resources | Forum | Carts || FAQ | Devmap | Forum | Carts
PICO-8,Blog,https://www.lexaloffle.com/gfx/top_pulldown.png,https://www.lexaloffle.com/bbs?cat=7&sub=2,,,PICO-8 FAQ | Resources | Forum | Carts Voxatron FAQ | Devmap | Forum | Carts BBS Blog,Log In PICO-8 FAQ | Resources | Forum | Carts Voxatron FAQ | Devmap | Forum | Carts BBS Blog Log In User: Password: New User | Account Help PICO-8 Voxatron Picotron PICO-8 Voxatron Picotron BBS | Blog | Superblog | GIFs NEW! About | Contact | Updates | Terms of Use Follow Lexaloffle: Generated 2026-09-10 07:21:03 | 0.002s | Q:0 || Log In PICO-8 FAQ | Resources | Forum | Carts Voxatron FAQ | Devmap | Forum | Carts BBS Blog || PICO-8 FAQ | Resources | Forum | Carts Voxatron FAQ | Devmap | Forum | Carts BBS Blog || FAQ | Resources | Forum | Carts || FAQ | Devmap | Forum | Carts
PICO-8,Blog,https://www.lexaloffle.com/gfx/top_pulldown.png,https://www.lexaloffle.com/bbs?cat=7&sub=2,,,PICO-8 FAQ | Resources | Forum | Carts Voxatron FAQ | Devmap | Forum | Carts BBS Blog,Log In PICO-8 FAQ | Resources | Forum | Carts Voxatron FAQ | Devmap | Forum | Carts BBS Blog Log In User: Password: New User | Account Help PICO-8 Voxatron Picotron PICO-8 Voxatron Picotron BBS | Blog | Superblog | GIFs NEW! About | Contact | Updates | Terms of Use Follow Lexaloffle: Generated 2026-09-10 07:21:04 | 0.003s | Q:0 || Log In PICO-8 FAQ | Resources | Forum | Carts Voxatron FAQ | Devmap | Forum | Carts BBS Blog || PICO-8 FAQ | Resources | Forum | Carts Voxatron FAQ | Devmap | Forum | Carts BBS Blog || FAQ | Resources | Forum | Carts || FAQ | Devmap | Forum | Carts
PICO-8,Blog,https://www.lexaloffle.com/gfx/top_pulldown.png,https://www.lexaloffle.com/bbs?cat=7&sub=2,,,PICO-8 FAQ | Resources | Forum | Carts Voxatron FAQ | Devmap | Forum | Carts BBS Blog,Log In PICO-8 FAQ | Resources | Forum | Carts Voxatron FAQ | Devmap | Forum | Carts BBS Blog Log In User: Password: New User | Account Help PICO-8 Voxatron Picotron PICO-8 Voxatron Picotron BBS | Blog | Superblog | GIFs NEW! About | Contact | Updates | Terms of Use Follow Lexaloffle: Generated 2026-09-10 07:21:05 | 0.003s | Q:0 || Log In PICO-8 FAQ | Resources | Forum | Carts Voxatron FAQ | Devmap | Forum | Carts BBS Blog || PICO-8 FAQ | Resources | Forum | Carts Voxatron FAQ | Devmap | Forum | Carts BBS Blog || FAQ | Resources | Forum | Carts || FAQ | Devmap | Forum | Carts
PICO-8,Blog,https://www.lexaloffle.com/gfx/top_pulldown.png,https://www.lexaloffle.com/bbs?cat=7&sub=2,,,PICO-8 FAQ | Resources | Forum | Carts Voxatron FAQ | Devmap | Forum | Carts BBS Blog,Log In PICO-8 FAQ | Resources | Forum | Carts Voxatron FAQ | Devmap | Forum | Carts BBS Blog Log In User: Password: New User | Account Help PICO-8 Voxatron Picotron PICO-8 Voxatron Picotron BBS | Blog | Superblog | GIFs NEW! About | Contact | Updates | Terms of Use Follow Lexaloffle: Generated 2026-09-10 07:21:06 | 0.003s | Q:0 || Log In PICO-8 FAQ | Resources | Forum | Carts Voxatron FAQ | Devmap | Forum | Carts BBS Blog || PICO-8 FAQ | Resources | Forum | Carts Voxatron FAQ | Devmap | Forum | Carts BBS Blog || FAQ | Resources | Forum | Carts || FAQ | Devmap | Forum | Carts
PICO-8,Blog,https://www.lexaloffle.com/gfx/top_pulldown.png,https://www.lexaloffle.com/bbs?cat=7&sub=2,,,PICO-8 FAQ | Resources | Forum | Carts Voxatron FAQ | Devmap | Forum | Carts BBS Blog,Log In PICO-8 FAQ | Resources | Forum | Carts Voxatron FAQ | Devmap | Forum | Carts BBS Blog Log In User: Password: New User | Account Help PICO-8 Voxatron Picotron PICO-8 Voxatron Picotron BBS | Blog | Superblog | GIFs NEW! About | Contact | Updates | Terms of Use Follow Lexaloffle: Generated 2026-09-10 07:21:07 | 0.002s | Q:0 || Log In PICO-8 FAQ | Resources | Forum | Carts Voxatron FAQ | Devmap | Forum | Carts BBS Blog || PICO-8 FAQ | Resources | Forum | Carts Voxatron FAQ | Devmap | Forum | Carts BBS Blog || FAQ | Resources | Forum | Carts || FAQ | Devmap | Forum | Carts
PICO-8,Blog,https://www.lexaloffle.com/gfx/top_pulldown.png,https://www.lexaloffle.com/bbs?cat=7&sub=2,,,PICO-8 FAQ | Resources | Forum | Carts Voxatron FAQ | Devmap | Forum | Carts BBS Blog,Log In PICO-8 FAQ | Resources | Forum | Carts Voxatron FAQ | Devmap | Forum | Carts BBS Blog Log In User: Password: New User | Account Help PICO-8 Voxatron Picotron PICO-8 Voxatron Picotron BBS | Blog | Superblog | GIFs NEW! About | Contact | Updates | Terms of Use Follow Lexaloffle: Generated 2026-09-10 07:21:08 | 0.003s | Q:0 || Log In PICO-8 FAQ | Resources | Forum | Carts Voxatron FAQ | Devmap | Forum | Carts BBS Blog || PICO-8 FAQ | Resources | Forum | Carts Voxatron FAQ | Devmap | Forum | Carts BBS Blog || FAQ | Resources | Forum | Carts || FAQ | Devmap | Forum | Carts
PICO-8,Blog,https://www.lexaloffle.com/gfx/top_pulldown.png,https://www.lexaloffle.com/bbs?cat=7&sub=2,,,PICO-8 FAQ | Resources | Forum | Carts Voxatron FAQ | Devmap | Forum | Carts BBS Blog,Log In PICO-8 FAQ | Resources | Forum | Carts Voxatron FAQ | Devmap | Forum | Carts BBS Blog Log In User: Password: New User | Account Help PICO-8 Voxatron Picotron PICO-8 Voxatron Picotron BBS | Blog | Superblog | GIFs NEW! About | Contact | Updates | Terms of Use Follow Lexaloffle: Generated 2026-09-10 07:21:09 | 0.003s | Q:0 || Log In PICO-8 FAQ | Resources | Forum | Carts Voxatron FAQ | Devmap | Forum | Carts BBS Blog || PICO-8 FAQ | Resources | Forum | Carts Voxatron FAQ | Devmap | Forum | Carts BBS Blog || FAQ | Resources | Forum | Carts || FAQ | Devmap | Forum | Carts
PICO-8,Blog,https://www.lexaloffle.com/gfx/top_pulldown.png,https://www.lexaloffle.com/bbs?cat=7&sub=2,,,PICO-8 FAQ | Resources | Forum | Carts Voxatron FAQ | Devmap | Forum | Carts BBS Blog,Log In PICO-8 FAQ | Resources | Forum | Carts Voxatron FAQ | Devmap | Forum | Carts BBS Blog Log In User: Password: New User | Account Help PICO-8 Voxatron Picotron PICO-8 Voxatron Picotron BBS | Blog | Superblog | GIFs NEW! About | Contact | Updates | Terms of Use Follow Lexaloffle: Generated 2026-09-10 07:21:10 | 0.016s | Q:0 || Log In PICO-8 FAQ | Resources | Forum | Carts Voxatron FAQ | Devmap | Forum | Carts BBS Blog || PICO-8 FAQ | Resources | Forum | Carts Voxatron FAQ | Devmap | Forum | Carts BBS Blog || FAQ | Resources | Forum | Carts || FAQ | Devmap | Forum | Carts
PICO-8,Blog,https://www.lexaloffle.com/gfx/top_pulldown.png,https://www.lexaloffle.com/bbs?cat=7&sub=2,,,PICO-8 FAQ | Resources | Forum | Carts Voxatron FAQ | Devmap | Forum | Carts BBS Blog,Log In PICO-8 FAQ | Resources | Forum | Carts Voxatron FAQ | Devmap | Forum | Carts BBS Blog Log In User: Password: New User | Account Help PICO-8 Voxatron Picotron PICO-8 Voxatron Picotron BBS | Blog | Superblog | GIFs NEW! About | Contact | Updates | Terms of Use Follow Lexaloffle: Generated 2026-09-10 07:21:11 | 0.003s | Q:0 || Log In PICO-8 FAQ | Resources | Forum | Carts Voxatron FAQ | Devmap | Forum | Carts BBS Blog || PICO-8 FAQ | Resources | Forum | Carts Voxatron FAQ | Devmap | Forum | Carts BBS Blog || FAQ | Resources | Forum | Carts || FAQ | Devmap | Forum | Carts
PICO-8,Blog,https://www.lexaloffle.com/gfx/top_pulldown.png,https://www.lexaloffle.com/bbs?cat=7&sub=2,,,PICO-8 FAQ | Resources | Forum | Carts Voxatron FAQ | Devmap | Forum | Carts BBS Blog,Log In PICO-8 FAQ | Resources | Forum | Carts Voxatron FAQ | Devmap | Forum | Carts BBS Blog Log In User: Password: New User | Account Help PICO-8 Voxatron Picotron PICO-8 Voxatron Picotron BBS | Blog | Superblog | GIFs NEW! About | Contact | Updates | Terms of Use Follow Lexaloffle: Generated 2026-09-10 07:21:12 | 0.004s | Q:0 || Log In PICO-8 FAQ | Resources | Forum | Carts Voxatron FAQ | Devmap | Forum | Carts BBS Blog || PICO-8 FAQ | Resources | Forum | Carts Voxatron FAQ | Devmap | Forum | Carts BBS Blog || FAQ | Resources | Forum | Carts || FAQ | Devmap | Forum | Carts
PICO-8,Blog,https://www.lexaloffle.com/gfx/top_pulldown.png,https://www.lexaloffle.com/bbs?cat=7&sub=2,,,PICO-8 FAQ | Resources | Forum | Carts Voxatron FAQ | Devmap | Forum | Carts BBS Blog,Log In PICO-8 FAQ | Resources | Forum | Carts Voxatron FAQ | Devmap | Forum | Carts BBS Blog Log In User: Password: New User | Account Help PICO-8 Voxatron Picotron PICO-8 Voxatron Picotron BBS | Blog | Superblog | GIFs NEW! About | Contact | Updates | Terms of Use Follow Lexaloffle: Generated 2026-09-10 07:21:13 | 0.004s | Q:0 || Log In PICO-8 FAQ | Resources | Forum | Carts Voxatron FAQ | Devmap | Forum | Carts BBS Blog || PICO-8 FAQ | Resources | Forum | Carts Voxatron FAQ | Devmap | Forum | Carts BBS Blog || FAQ | Resources | Forum | Carts || FAQ | Devmap | Forum | Carts
PICO-8,Blog,https://www.lexaloffle.com/gfx/top_pulldown.png,https://www.lexaloffle.com/bbs?cat=7&sub=2,,,PICO-8 FAQ | Resources | Forum | Carts Voxatron FAQ | Devmap | Forum | Carts BBS Blog,Log In PICO-8 FAQ | Resources | Forum | Carts Voxatron FAQ | Devmap | Forum | Carts BBS Blog Log In User: Password: New User | Account Help PICO-8 Voxatron Picotron PICO-8 Voxatron Picotron BBS | Blog | Superblog | GIFs NEW! About | Contact | Updates | Terms of Use Follow Lexaloffle: Generated 2026-09-10 07:21:15 | 0.003s | Q:0 || Log In PICO-8 FAQ | Resources | Forum | Carts Voxatron FAQ | Devmap | Forum | Carts BBS Blog || PICO-8 FAQ | Resources | Forum | Carts Voxatron FAQ | Devmap | Forum | Carts BBS Blog || FAQ | Resources | Forum | Carts || FAQ | Devmap | Forum | Carts
PICO-8,Blog,https://www.lexaloffle.com/gfx/top_pulldown.png,https://www.lexaloffle.com/bbs?cat=7&sub=2,,,PICO-8 FAQ | Resources | Forum | Carts Voxatron FAQ | Devmap | Forum | Carts BBS Blog,Log In PICO-8 FAQ | Resources | Forum | Carts Voxatron FAQ | Devmap | Forum | Carts BBS Blog Log In User: Password: New User | Account Help PICO-8 Voxatron Picotron PICO-8 Voxatron Picotron BBS | Blog | Superblog | GIFs NEW! About | Contact | Updates | Terms of Use Follow Lexaloffle: Generated 2026-09-10 07:21:16 | 0.003s | Q:0 || Log In PICO-8 FAQ | Resources | Forum | Carts Voxatron FAQ | Devmap | Forum | Carts BBS Blog || PICO-8 FAQ | Resources | Forum | Carts Voxatron FAQ | Devmap | Forum | Carts BBS Blog || FAQ | Resources | Forum | Carts || FAQ | Devmap | Forum | Carts
PICO-8,Blog,https://www.lexaloffle.com/gfx/top_pulldown.png,https://www.lexaloffle.com/bbs?cat=7&sub=2,,,PICO-8 FAQ | Resources | Forum | Carts Voxatron FAQ | Devmap | Forum | Carts BBS Blog,Log In PICO-8 FAQ | Resources | Forum | Carts Voxatron FAQ | Devmap | Forum | Carts BBS Blog Log In User: Password: New User | Account Help PICO-8 Voxatron Picotron PICO-8 Voxatron Picotron BBS | Blog | Superblog | GIFs NEW! About | Contact | Updates | Terms of Use Follow Lexaloffle: Generated 2026-09-10 07:21:17 | 0.002s | Q:0 || Log In PICO-8 FAQ | Resources | Forum | Carts Voxatron FAQ | Devmap | Forum | Carts BBS Blog || PICO-8 FAQ | Resources | Forum | Carts Voxatron FAQ | Devmap | Forum | Carts BBS Blog || FAQ | Resources | Forum | Carts || FAQ | Devmap | Forum | Carts
PICO-8,Blog,https://www.lexaloffle.com/gfx/top_pulldown.png,https://www.lexaloffle.com/bbs?cat=7&sub=2,,,PICO-8 FAQ | Resources | Forum | Carts Voxatron FAQ | Devmap | Forum | Carts BBS Blog,Log In PICO-8 FAQ | Resources | Forum | Carts Voxatron FAQ | Devmap | Forum | Carts BBS Blog Log In User: Password: New User | Account Help PICO-8 Voxatron Picotron PICO-8 Voxatron Picotron BBS | Blog | Superblog | GIFs NEW! About | Contact | Updates | Terms of Use Follow Lexaloffle: Generated 2026-09-10 07:21:18 | 0.003s | Q:0 || Log In PICO-8 FAQ | Resources | Forum | Carts Voxatron FAQ | Devmap | Forum | Carts BBS Blog || PICO-8 FAQ | Resources | Forum | Carts Voxatron FAQ | Devmap | Forum | Carts BBS Blog || FAQ | Resources | Forum | Carts || FAQ | Devmap | Forum | Carts
PICO-8,Blog,https://www.lexaloffle.com/gfx/top_pulldown.png,https://www.lexaloffle.com/bbs?cat=7&sub=2,,,PICO-8 FAQ | Resources | Forum | Carts Voxatron FAQ | Devmap | Forum | Carts BBS Blog,Log In PICO-8 FAQ | Resources | Forum | Carts Voxatron FAQ | Devmap | Forum | Carts BBS Blog Log In User: Password: New User | Account Help PICO-8 Voxatron Picotron PICO-8 Voxatron Picotron BBS | Blog | Superblog | GIFs NEW! About | Contact | Updates | Terms of Use Follow Lexaloffle: Generated 2026-09-10 07:21:20 | 0.003s | Q:0 || Log In PICO-8 FAQ | Resources | Forum | Carts Voxatron FAQ | Devmap | Forum | Carts BBS Blog || PICO-8 FAQ | Resources | Forum | Carts Voxatron FAQ | Devmap | Forum | Carts BBS Blog || FAQ | Resources | Forum | Carts || FAQ | Devmap | Forum | Carts
PICO-8,Blog,https://www.lexaloffle.com/gfx/top_pulldown.png,https://www.lexaloffle.com/bbs?cat=7&sub=2,,,PICO-8 FAQ | Resources | Forum | Carts Voxatron FAQ | Devmap | Forum | Carts BBS Blog,Log In PICO-8 FAQ | Resources | Forum | Carts Voxatron FAQ | Devmap | Forum | Carts BBS Blog Log In User: Password: New User | Account Help PICO-8 Voxatron Picotron PICO-8 Voxatron Picotron BBS | Blog | Superblog | GIFs NEW! About | Contact | Updates | Terms of Use Follow Lexaloffle: Generated 2026-09-10 07:21:21 | 0.003s | Q:0 || Log In PICO-8 FAQ | Resources | Forum | Carts Voxatron FAQ | Devmap | Forum | Carts BBS Blog || PICO-8 FAQ | Resources | Forum | Carts Voxatron FAQ | Devmap | Forum | Carts BBS Blog || FAQ | Resources | Forum | Carts || FAQ | Devmap | Forum | Carts
PICO-8,Blog,https://www.lexaloffle.com/gfx/top_pulldown.png,https://www.lexaloffle.com/bbs?cat=7&sub=2,,,PICO-8 FAQ | Resources | Forum | Carts Voxatron FAQ | Devmap | Forum | Carts BBS Blog,Log In PICO-8 FAQ | Resources | Forum | Carts Voxatron FAQ | Devmap | Forum | Carts BBS Blog Log In User: Password: New User | Account Help PICO-8 Voxatron Picotron PICO-8 Voxatron Picotron BBS | Blog | Superblog | GIFs NEW! About | Contact | Updates | Terms of Use Follow Lexaloffle: Generated 2026-09-10 07:21:22 | 0.003s | Q:0 || Log In PICO-8 FAQ | Resources | Forum | Carts Voxatron FAQ | Devmap | Forum | Carts BBS Blog || PICO-8 FAQ | Resources | Forum | Carts Voxatron FAQ | Devmap | Forum | Carts BBS Blog || FAQ | Resources | Forum | Carts || FAQ | Devmap | Forum | Carts
PICO-8,Blog,https://www.lexaloffle.com/gfx/top_pulldown.png,https://www.lexaloffle.com/bbs?cat=7&sub=2,,,PICO-8 FAQ | Resources | Forum | Carts Voxatron FAQ | Devmap | Forum | Carts BBS Blog,Log In PICO-8 FAQ | Resources | Forum | Carts Voxatron FAQ | Devmap | Forum | Carts BBS Blog Log In User: Password: New User | Account Help PICO-8 Voxatron Picotron PICO-8 Voxatron Picotron BBS | Blog | Superblog | GIFs NEW! About | Contact | Updates | Terms of Use Follow Lexaloffle: Generated 2026-09-10 07:21:23 | 0.003s | Q:0 || Log In PICO-8 FAQ | Resources | Forum | Carts Voxatron FAQ | Devmap | Forum | Carts BBS Blog || PICO-8 FAQ | Resources | Forum | Carts Voxatron FAQ | Devmap | Forum | Carts BBS Blog || FAQ | Resources | Forum | Carts || FAQ | Devmap | Forum | Carts
PICO-8,Blog,https://www.lexaloffle.com/gfx/top_pulldown.png,https://www.lexaloffle.com/bbs?cat=7&sub=2,,,PICO-8 FAQ | Resources | Forum | Carts Voxatron FAQ | Devmap | Forum | Carts BBS Blog,Log In PICO-8 FAQ | Resources | Forum | Carts Voxatron FAQ | Devmap | Forum | Carts BBS Blog Log In User: Password: New User | Account Help PICO-8 Voxatron Picotron PICO-8 Voxatron Picotron BBS | Blog | Superblog | GIFs NEW! About | Contact | Updates | Terms of Use Follow Lexaloffle: Generated 2026-09-10 07:21:24 | 0.002s | Q:0 || Log In PICO-8 FAQ | Resources | Forum | Carts Voxatron FAQ | Devmap | Forum | Carts BBS Blog || PICO-8 FAQ | Resources | Forum | Carts Voxatron FAQ | Devmap | Forum | Carts BBS Blog || FAQ | Resources | Forum | Carts || FAQ | Devmap | Forum | Carts
PICO-8,Blog,https://www.lexaloffle.com/gfx/top_pulldown.png,https://www.lexaloffle.com/bbs?cat=7&sub=2,,,PICO-8 FAQ | Resources | Forum | Carts Voxatron FAQ | Devmap | Forum | Carts BBS Blog,Log In PICO-8 FAQ | Resources | Forum | Carts Voxatron FAQ | Devmap | Forum | Carts BBS Blog Log In User: Password: New User | Account Help PICO-8 Voxatron Picotron PICO-8 Voxatron Picotron BBS | Blog | Superblog | GIFs NEW! About | Contact | Updates | Terms of Use Follow Lexaloffle: Generated 2026-09-10 07:21:25 | 0.002s | Q:0 || Log In PICO-8 FAQ | Resources | Forum | Carts Voxatron FAQ | Devmap | Forum | Carts BBS Blog || PICO-8 FAQ | Resources | Forum | Carts Voxatron FAQ | Devmap | Forum | Carts BBS Blog || FAQ | Resources | Forum | Carts || FAQ | Devmap | Forum | Carts
PICO-8,Blog,https://www.lexaloffle.com/gfx/top_pulldown.png,https://www.lexaloffle.com/bbs?cat=7&sub=2,,,PICO-8 FAQ | Resources | Forum | Carts Voxatron FAQ | Devmap | Forum | Carts BBS Blog,Log In PICO-8 FAQ | Resources | Forum | Carts Voxatron FAQ | Devmap | Forum | Carts BBS Blog Log In User: Password: New User | Account Help PICO-8 Voxatron Picotron PICO-8 Voxatron Picotron BBS | Blog | Superblog | GIFs NEW! About | Contact | Updates | Terms of Use Follow Lexaloffle: Generated 2026-09-10 07:21:26 | 0.003s | Q:0 || Log In PICO-8 FAQ | Resources | Forum | Carts Voxatron FAQ | Devmap | Forum | Carts BBS Blog || PICO-8 FAQ | Resources | Forum | Carts Voxatron FAQ | Devmap | Forum | Carts BBS Blog || FAQ | Resources | Forum | Carts || FAQ | Devmap | Forum | Carts
PICO-8,Blog,https://www.lexaloffle.com/gfx/top_pulldown.png,https://www.lexaloffle.com/bbs?cat=7&sub=2,,,PICO-8 FAQ | Resources | Forum | Carts Voxatron FAQ | Devmap | Forum | Carts BBS Blog,Log In PICO-8 FAQ | Resources | Forum | Carts Voxatron FAQ | Devmap | Forum | Carts BBS Blog Log In User: Password: New User | Account Help PICO-8 Voxatron Picotron PICO-8 Voxatron Picotron BBS | Blog | Superblog | GIFs NEW! About | Contact | Updates | Terms of Use Follow Lexaloffle: Generated 2026-09-10 07:21:27 | 0.003s | Q:0 || Log In PICO-8 FAQ | Resources | Forum | Carts Voxatron FAQ | Devmap | Forum | Carts BBS Blog || PICO-8 FAQ | Resources | Forum | Carts Voxatron FAQ | Devmap | Forum | Carts BBS Blog || FAQ | Resources | Forum | Carts || FAQ | Devmap | Forum | Carts
PICO-8,Blog,https://www.lexaloffle.com/gfx/top_pulldown.png,https://www.lexaloffle.com/bbs?cat=7&sub=2,,,PICO-8 FAQ | Resources | Forum | Carts Voxatron FAQ | Devmap | Forum | Carts BBS Blog,Log In PICO-8 FAQ | Resources | Forum | Carts Voxatron FAQ | Devmap | Forum | Carts BBS Blog Log In User: Password: New User | Account Help PICO-8 Voxatron Picotron PICO-8 Voxatron Picotron BBS | Blog | Superblog | GIFs NEW! About | Contact | Updates | Terms of Use Follow Lexaloffle: Generated 2026-09-10 07:21:28 | 0.002s | Q:0 || Log In PICO-8 FAQ | Resources | Forum | Carts Voxatron FAQ | Devmap | Forum | Carts BBS Blog || PICO-8 FAQ | Resources | Forum | Carts Voxatron FAQ | Devmap | Forum | Carts BBS Blog || FAQ | Resources | Forum | Carts || FAQ | Devmap | Forum | Carts
PICO-8,Blog,https://www.lexaloffle.com/gfx/top_pulldown.png,https://www.lexaloffle.com/bbs?cat=7&sub=2,,,PICO-8 FAQ | Resources | Forum | Carts Voxatron FAQ | Devmap | Forum | Carts BBS Blog,Log In PICO-8 FAQ | Resources | Forum | Carts Voxatron FAQ | Devmap | Forum | Carts BBS Blog Log In User: Password: New User | Account Help PICO-8 Voxatron Picotron PICO-8 Voxatron Picotron BBS | Blog | Superblog | GIFs NEW! About | Contact | Updates | Terms of Use Follow Lexaloffle: Generated 2026-09-10 07:21:29 | 0.002s | Q:0 || Log In PICO-8 FAQ | Resources | Forum | Carts Voxatron FAQ | Devmap | Forum | Carts BBS Blog || PICO-8 FAQ | Resources | Forum | Carts Voxatron FAQ | Devmap | Forum | Carts BBS Blog || FAQ | Resources | Forum | Carts || FAQ | Devmap | Forum | Carts
PICO-8,Blog,https://www.lexaloffle.com/gfx/top_pulldown.png,https://www.lexaloffle.com/bbs?cat=7&sub=2,,,PICO-8 FAQ | Resources | Forum | Carts Voxatron FAQ | Devmap | Forum | Carts BBS Blog,Log In PICO-8 FAQ | Resources | Forum | Carts Voxatron FAQ | Devmap | Forum | Carts BBS Blog Log In User: Password: New User | Account Help PICO-8 Voxatron Picotron PICO-8 Voxatron Picotron BBS | Blog | Superblog | GIFs NEW! About | Contact | Updates | Terms of Use Follow Lexaloffle: Generated 2026-09-10 07:21:30 | 0.003s | Q:0 || Log In PICO-8 FAQ | Resources | Forum | Carts Voxatron FAQ | Devmap | Forum | Carts BBS Blog || PICO-8 FAQ | Resources | Forum | Carts Voxatron FAQ | Devmap | Forum | Carts BBS Blog || FAQ | Resources | Forum | Carts || FAQ | Devmap | Forum | Carts
PICO-8,Blog,https://www.lexaloffle.com/gfx/top_pulldown.png,https://www.lexaloffle.com/bbs?cat=7&sub=2,,,PICO-8 FAQ | Resources | Forum | Carts Voxatron FAQ | Devmap | Forum | Carts BBS Blog,Log In PICO-8 FAQ | Resources | Forum | Carts Voxatron FAQ | Devmap | Forum | Carts BBS Blog Log In User: Password: New User | Account Help PICO-8 Voxatron Picotron PICO-8 Voxatron Picotron BBS | Blog | Superblog | GIFs NEW! About | Contact | Updates | Terms of Use Follow Lexaloffle: Generated 2026-09-10 07:21:31 | 0.003s | Q:0 || Log In PICO-8 FAQ | Resources | Forum | Carts Voxatron FAQ | Devmap | Forum | Carts BBS Blog || PICO-8 FAQ | Resources | Forum | Carts Voxatron FAQ | Devmap | Forum | Carts BBS Blog || FAQ | Resources | Forum | Carts || FAQ | Devmap | Forum | Carts
PICO-8,Blog,https://www.lexaloffle.com/gfx/top_pulldown.png,https://www.lexaloffle.com/bbs?cat=7&sub=2,,,PICO-8 FAQ | Resources | Forum | Carts Voxatron FAQ | Devmap | Forum | Carts BBS Blog,Log In PICO-8 FAQ | Resources | Forum | Carts Voxatron FAQ | Devmap | Forum | Carts BBS Blog Log In User: Password: New User | Account Help PICO-8 Voxatron Picotron PICO-8 Voxatron Picotron BBS | Blog | Superblog | GIFs NEW! About | Contact | Updates | Terms of Use Follow Lexaloffle: Generated 2026-09-10 07:21:32 | 0.003s | Q:0 || Log In PICO-8 FAQ | Resources | Forum | Carts Voxatron FAQ | Devmap | Forum | Carts BBS Blog || PICO-8 FAQ | Resources | Forum | Carts Voxatron FAQ | Devmap | Forum | Carts BBS Blog || FAQ | Resources | Forum | Carts || FAQ | Devmap | Forum | Carts
PICO-8,Blog,https://www.lexaloffle.com/gfx/top_pulldown.png,https://www.lexaloffle.com/bbs?cat=7&sub=2,,,PICO-8 FAQ | Resources | Forum | Carts Voxatron FAQ | Devmap | Forum | Carts BBS Blog,Log In PICO-8 FAQ | Resources | Forum | Carts Voxatron FAQ | Devmap | Forum | Carts BBS Blog Log In User: Password: New User | Account Help PICO-8 Voxatron Picotron PICO-8 Voxatron Picotron BBS | Blog | Superblog | GIFs NEW! About | Contact | Updates | Terms of Use Follow Lexaloffle: Generated 2026-09-10 07:21:34 | 0.002s | Q:0 || Log In PICO-8 FAQ | Resources | Forum | Carts Voxatron FAQ | Devmap | Forum | Carts BBS Blog || PICO-8 FAQ | Resources | Forum | Carts Voxatron FAQ | Devmap | Forum | Carts BBS Blog || FAQ | Resources | Forum | Carts || FAQ | Devmap | Forum | Carts
PICO-8,Blog,https://www.lexaloffle.com/gfx/top_pulldown.png,https://www.lexaloffle.com/bbs?cat=7&sub=2,,,PICO-8 FAQ | Resources | Forum | Carts Voxatron FAQ | Devmap | Forum | Carts BBS Blog,Log In PICO-8 FAQ | Resources | Forum | Carts Voxatron FAQ | Devmap | Forum | Carts BBS Blog Log In User: Password: New User | Account Help PICO-8 Voxatron Picotron PICO-8 Voxatron Picotron BBS | Blog | Superblog | GIFs NEW! About | Contact | Updates | Terms of Use Follow Lexaloffle: Generated 2026-09-10 07:21:35 | 0.002s | Q:0 || Log In PICO-8 FAQ | Resources | Forum | Carts Voxatron FAQ | Devmap | Forum | Carts BBS Blog || PICO-8 FAQ | Resources | Forum | Carts Voxatron FAQ | Devmap | Forum | Carts BBS Blog || FAQ | Resources | Forum | Carts || FAQ | Devmap | Forum | Carts
PICO-8,Blog,https://www.lexaloffle.com/gfx/top_pulldown.png,https://www.lexaloffle.com/bbs?cat=7&sub=2,,,PICO-8 FAQ | Resources | Forum | Carts Voxatron FAQ | Devmap | Forum | Carts BBS Blog,Log In PICO-8 FAQ | Resources | Forum | Carts Voxatron FAQ | Devmap | Forum | Carts BBS Blog Log In User: Password: New User | Account Help PICO-8 Voxatron Picotron PICO-8 Voxatron Picotron BBS | Blog | Superblog | GIFs NEW! About | Contact | Updates | Terms of Use Follow Lexaloffle: Generated 2026-09-10 07:21:36 | 0.003s | Q:0 || Log In PICO-8 FAQ | Resources | Forum | Carts Voxatron FAQ | Devmap | Forum | Carts BBS Blog || PICO-8 FAQ | Resources | Forum | Carts Voxatron FAQ | Devmap | Forum | Carts BBS Blog || FAQ | Resources | Forum | Carts || FAQ | Devmap | Forum | Carts
PICO-8,Blog,https://www.lexaloffle.com/gfx/top_pulldown.png,https://www.lexaloffle.com/bbs?cat=7&sub=2,,,PICO-8 FAQ | Resources | Forum | Carts Voxatron FAQ | Devmap | Forum | Carts BBS Blog,Log In PICO-8 FAQ | Resources | Forum | Carts Voxatron FAQ | Devmap | Forum | Carts BBS Blog Log In User: Password: New User | Account Help PICO-8 Voxatron Picotron PICO-8 Voxatron Picotron BBS | Blog | Superblog | GIFs NEW! About | Contact | Updates | Terms of Use Follow Lexaloffle: Generated 2026-09-10 07:21:37 | 0.003s | Q:0 || Log In PICO-8 FAQ | Resources | Forum | Carts Voxatron FAQ | Devmap | Forum | Carts BBS Blog || PICO-8 FAQ | Resources | Forum | Carts Voxatron FAQ | Devmap | Forum | Carts BBS Blog || FAQ | Resources | Forum | Carts || FAQ | Devmap | Forum | Carts
PICO-8,Blog,https://www.lexaloffle.com/gfx/top_pulldown.png,https://www.lexaloffle.com/bbs?cat=7&sub=2,,,PICO-8 FAQ | Resources | Forum | Carts Voxatron FAQ | Devmap | Forum | Carts BBS Blog,Log In PICO-8 FAQ | Resources | Forum | Carts Voxatron FAQ | Devmap | Forum | Carts BBS Blog Log In User: Password: New User | Account Help PICO-8 Voxatron Picotron PICO-8 Voxatron Picotron BBS | Blog | Superblog | GIFs NEW! About | Contact | Updates | Terms of Use Follow Lexaloffle: Generated 2026-09-10 07:21:38 | 0.003s | Q:0 || Log In PICO-8 FAQ | Resources | Forum | Carts Voxatron FAQ | Devmap | Forum | Carts BBS Blog || PICO-8 FAQ | Resources | Forum | Carts Voxatron FAQ | Devmap | Forum | Carts BBS Blog || FAQ | Resources | Forum | Carts || FAQ | Devmap | Forum | Carts
PICO-8,Blog,https://www.lexaloffle.com/gfx/top_pulldown.png,https://www.lexaloffle.com/bbs?cat=7&sub=2,,,PICO-8 FAQ | Resources | Forum | Carts Voxatron FAQ | Devmap | Forum | Carts BBS Blog,Log In PICO-8 FAQ | Resources | Forum | Carts Voxatron FAQ | Devmap | Forum | Carts BBS Blog Log In User: Password: New User | Account Help PICO-8 Voxatron Picotron PICO-8 Voxatron Picotron BBS | Blog | Superblog | GIFs NEW! About | Contact | Updates | Terms of Use Follow Lexaloffle: Generated 2026-09-10 07:21:39 | 0.003s | Q:0 || Log In PICO-8 FAQ | Resources | Forum | Carts Voxatron FAQ | Devmap | Forum | Carts BBS Blog || PICO-8 FAQ | Resources | Forum | Carts Voxatron FAQ | Devmap | Forum | Carts BBS Blog || FAQ | Resources | Forum | Carts || FAQ | Devmap | Forum | Carts
PICO-8,Blog,https://www.lexaloffle.com/gfx/top_pulldown.png,https://www.lexaloffle.com/bbs?cat=7&sub=2,,,PICO-8 FAQ | Resources | Forum | Carts Voxatron FAQ | Devmap | Forum | Carts BBS Blog,Log In PICO-8 FAQ | Resources | Forum | Carts Voxatron FAQ | Devmap | Forum | Carts BBS Blog Log In User: Password: New User | Account Help PICO-8 Voxatron Picotron PICO-8 Voxatron Picotron BBS | Blog | Superblog | GIFs NEW! About | Contact | Updates | Terms of Use Follow Lexaloffle: Generated 2026-09-10 07:21:40 | 0.005s | Q:0 || Log In PICO-8 FAQ | Resources | Forum | Carts Voxatron FAQ | Devmap | Forum | Carts BBS Blog || PICO-8 FAQ | Resources | Forum | Carts Voxatron FAQ | Devmap | Forum | Carts BBS Blog || FAQ | Resources | Forum | Carts || FAQ | Devmap | Forum | Carts
PICO-8,Blog,https://www.lexaloffle.com/gfx/top_pulldown.png,https://www.lexaloffle.com/bbs?cat=7&sub=2,,,PICO-8 FAQ | Resources | Forum | Carts Voxatron FAQ | Devmap | Forum | Carts BBS Blog,Log In PICO-8 FAQ | Resources | Forum | Carts Voxatron FAQ | Devmap | Forum | Carts BBS Blog Log In User: Password: New User | Account Help PICO-8 Voxatron Picotron PICO-8 Voxatron Picotron BBS | Blog | Superblog | GIFs NEW! About | Contact | Updates | Terms of Use Follow Lexaloffle: Generated 2026-09-10 07:21:41 | 0.002s | Q:0 || Log In PICO-8 FAQ | Resources | Forum | Carts Voxatron FAQ | Devmap | Forum | Carts BBS Blog || PICO-8 FAQ | Resources | Forum | Carts Voxatron FAQ | Devmap | Forum | Carts BBS Blog || FAQ | Resources | Forum | Carts || FAQ | Devmap | Forum | Carts
PICO-8,Blog,https://www.lexaloffle.com/gfx/top_pulldown.png,https://www.lexaloffle.com/bbs?cat=7&sub=2,,,PICO-8 FAQ | Resources | Forum | Carts Voxatron FAQ | Devmap | Forum | Carts BBS Blog,Log In PICO-8 FAQ | Resources | Forum | Carts Voxatron FAQ | Devmap | Forum | Carts BBS Blog Log In User: Password: New User | Account Help PICO-8 Voxatron Picotron PICO-8 Voxatron Picotron BBS | Blog | Superblog | GIFs NEW! About | Contact | Updates | Terms of Use Follow Lexaloffle: Generated 2026-09-10 07:21:42 | 0.002s | Q:0 || Log In PICO-8 FAQ | Resources | Forum | Carts Voxatron FAQ | Devmap | Forum | Carts BBS Blog || PICO-8 FAQ | Resources | Forum | Carts Voxatron FAQ | Devmap | Forum | Carts BBS Blog || FAQ | Resources | Forum | Carts || FAQ | Devmap | Forum | Carts
PICO-8,Blog,https://www.lexaloffle.com/gfx/top_pulldown.png,https://www.lexaloffle.com/bbs?cat=7&sub=2,,,PICO-8 FAQ | Resources | Forum | Carts Voxatron FAQ | Devmap | Forum | Carts BBS Blog,Log In PICO-8 FAQ | Resources | Forum | Carts Voxatron FAQ | Devmap | Forum | Carts BBS Blog Log In User: Password: New User | Account Help PICO-8 Voxatron Picotron PICO-8 Voxatron Picotron BBS | Blog | Superblog | GIFs NEW! About | Contact | Updates | Terms of Use Follow Lexaloffle: Generated 2026-09-10 07:21:43 | 0.002s | Q:0 || Log In PICO-8 FAQ | Resources | Forum | Carts Voxatron FAQ | Devmap | Forum | Carts BBS Blog || PICO-8 FAQ | Resources | Forum | Carts Voxatron FAQ | Devmap | Forum | Carts BBS Blog || FAQ | Resources | Forum | Carts || FAQ | Devmap | Forum | Carts
PICO-8,Blog,https://www.lexaloffle.com/gfx/top_pulldown.png,https://www.lexaloffle.com/bbs?cat=7&sub=2,,,PICO-8 FAQ | Resources | Forum | Carts Voxatron FAQ | Devmap | Forum | Carts BBS Blog,Log In PICO-8 FAQ | Resources | Forum | Carts Voxatron FAQ | Devmap | Forum | Carts BBS Blog Log In User: Password: New User | Account Help PICO-8 Voxatron Picotron PICO-8 Voxatron Picotron BBS | Blog | Superblog | GIFs NEW! About | Contact | Updates | Terms of Use Follow Lexaloffle: Generated 2026-09-10 07:21:44 | 0.003s | Q:0 || Log In PICO-8 FAQ | Resources | Forum | Carts Voxatron FAQ | Devmap | Forum | Carts BBS Blog || PICO-8 FAQ | Resources | Forum | Carts Voxatron FAQ | Devmap | Forum | Carts BBS Blog || FAQ | Resources | Forum | Carts || FAQ | Devmap | Forum | Carts
PICO-8,Blog,https://www.lexaloffle.com/gfx/top_pulldown.png,https://www.lexaloffle.com/bbs?cat=7&sub=2,,,PICO-8 FAQ | Resources | Forum | Carts Voxatron FAQ | Devmap | Forum | Carts BBS Blog,Log In PICO-8 FAQ | Resources | Forum | Carts Voxatron FAQ | Devmap | Forum | Carts BBS Blog Log In User: Password: New User | Account Help PICO-8 Voxatron Picotron PICO-8 Voxatron Picotron BBS | Blog | Superblog | GIFs NEW! About | Contact | Updates | Terms of Use Follow Lexaloffle: Generated 2026-09-10 07:21:45 | 0.003s | Q:0 || Log In PICO-8 FAQ | Resources | Forum | Carts Voxatron FAQ | Devmap | Forum | Carts BBS Blog || PICO-8 FAQ | Resources | Forum | Carts Voxatron FAQ | Devmap | Forum | Carts BBS Blog || FAQ | Resources | Forum | Carts || FAQ | Devmap | Forum | Carts
PICO-8,Blog,https://www.lexaloffle.com/gfx/top_pulldown.png,https://www.lexaloffle.com/bbs?cat=7&sub=2,,,PICO-8 FAQ | Resources | Forum | Carts Voxatron FAQ | Devmap | Forum | Carts BBS Blog,Log In PICO-8 FAQ | Resources | Forum | Carts Voxatron FAQ | Devmap | Forum | Carts BBS Blog Log In User: Password: New User | Account Help PICO-8 Voxatron Picotron PICO-8 Voxatron Picotron BBS | Blog | Superblog | GIFs NEW! About | Contact | Updates | Terms of Use Follow Lexaloffle: Generated 2026-09-10 07:21:46 | 0.003s | Q:0 || Log In PICO-8 FAQ | Resources | Forum | Carts Voxatron FAQ | Devmap | Forum | Carts BBS Blog || PICO-8 FAQ | Resources | Forum | Carts Voxatron FAQ | Devmap | Forum | Carts BBS Blog || FAQ | Resources | Forum | Carts || FAQ | Devmap | Forum | Carts
PICO-8,Blog,https://www.lexaloffle.com/gfx/top_pulldown.png,https://www.lexaloffle.com/bbs?cat=7&sub=2,,,PICO-8 FAQ | Resources | Forum | Carts Voxatron FAQ | Devmap | Forum | Carts BBS Blog,Log In PICO-8 FAQ | Resources | Forum | Carts Voxatron FAQ | Devmap | Forum | Carts BBS Blog Log In User: Password: New User | Account Help PICO-8 Voxatron Picotron PICO-8 Voxatron Picotron BBS | Blog | Superblog | GIFs NEW! About | Contact | Updates | Terms of Use Follow Lexaloffle: Generated 2026-09-10 07:21:48 | 0.003s | Q:0 || Log In PICO-8 FAQ | Resources | Forum | Carts Voxatron FAQ | Devmap | Forum | Carts BBS Blog || PICO-8 FAQ | Resources | Forum | Carts Voxatron FAQ | Devmap | Forum | Carts BBS Blog || FAQ | Resources | Forum | Carts || FAQ | Devmap | Forum | Carts
PICO-8,Blog,https://www.lexaloffle.com/gfx/top_pulldown.png,https://www.lexaloffle.com/bbs?cat=7&sub=2,,,PICO-8 FAQ | Resources | Forum | Carts Voxatron FAQ | Devmap | Forum | Carts BBS Blog,Log In PICO-8 FAQ | Resources | Forum | Carts Voxatron FAQ | Devmap | Forum | Carts BBS Blog Log In User: Password: New User | Account Help PICO-8 Voxatron Picotron PICO-8 Voxatron Picotron BBS | Blog | Superblog | GIFs NEW! About | Contact | Updates | Terms of Use Follow Lexaloffle: Generated 2026-09-10 07:21:49 | 0.002s | Q:0 || Log In PICO-8 FAQ | Resources | Forum | Carts Voxatron FAQ | Devmap | Forum | Carts BBS Blog || PICO-8 FAQ | Resources | Forum | Carts Voxatron FAQ | Devmap | Forum | Carts BBS Blog || FAQ | Resources | Forum | Carts || FAQ | Devmap | Forum | Carts
PICO-8,Blog,https://www.lexaloffle.com/gfx/top_pulldown.png,https://www.lexaloffle.com/bbs?cat=7&sub=2,,,PICO-8 FAQ | Resources | Forum | Carts Voxatron FAQ | Devmap | Forum | Carts BBS Blog,Log In PICO-8 FAQ | Resources | Forum | Carts Voxatron FAQ | Devmap | Forum | Carts BBS Blog Log In User: Password: New User | Account Help PICO-8 Voxatron Picotron PICO-8 Voxatron Picotron BBS | Blog | Superblog | GIFs NEW! About | Contact | Updates | Terms of Use Follow Lexaloffle: Generated 2026-09-10 07:21:50 | 0.002s | Q:0 || Log In PICO-8 FAQ | Resources | Forum | Carts Voxatron FAQ | Devmap | Forum | Carts BBS Blog || PICO-8 FAQ | Resources | Forum | Carts Voxatron FAQ | Devmap | Forum | Carts BBS Blog || FAQ | Resources | Forum | Carts || FAQ | Devmap | Forum | Carts
PICO-8,Blog,https://www.lexaloffle.com/gfx/top_pulldown.png,https://www.lexaloffle.com/bbs?cat=7&sub=2,,,PICO-8 FAQ | Resources | Forum | Carts Voxatron FAQ | Devmap | Forum | Carts BBS Blog,Log In PICO-8 FAQ | Resources | Forum | Carts Voxatron FAQ | Devmap | Forum | Carts BBS Blog Log In User: Password: New User | Account Help PICO-8 Voxatron Picotron PICO-8 Voxatron Picotron BBS | Blog | Superblog | GIFs NEW! About | Contact | Updates | Terms of Use Follow Lexaloffle: Generated 2026-09-10 07:21:51 | 0.003s | Q:0 || Log In PICO-8 FAQ | Resources | Forum | Carts Voxatron FAQ | Devmap | Forum | Carts BBS Blog || PICO-8 FAQ | Resources | Forum | Carts Voxatron FAQ | Devmap | Forum | Carts BBS Blog || FAQ | Resources | Forum | Carts || FAQ | Devmap | Forum | Carts
PICO-8,Blog,https://www.lexaloffle.com/gfx/top_pulldown.png,https://www.lexaloffle.com/bbs?cat=7&sub=2,,,PICO-8 FAQ | Resources | Forum | Carts Voxatron FAQ | Devmap | Forum | Carts BBS Blog,Log In PICO-8 FAQ | Resources | Forum | Carts Voxatron FAQ | Devmap | Forum | Carts BBS Blog Log In User: Password: New User | Account Help PICO-8 Voxatron Picotron PICO-8 Voxatron Picotron BBS | Blog | Superblog | GIFs NEW! About | Contact | Updates | Terms of Use Follow Lexaloffle: Generated 2026-09-10 07:21:52 | 0.002s | Q:0 || Log In PICO-8 FAQ | Resources | Forum | Carts Voxatron FAQ | Devmap | Forum | Carts BBS Blog || PICO-8 FAQ | Resources | Forum | Carts Voxatron FAQ | Devmap | Forum | Carts BBS Blog || FAQ | Resources | Forum | Carts || FAQ | Devmap | Forum | Carts
PICO-8,Blog,https://www.lexaloffle.com/gfx/top_pulldown.png,https://www.lexaloffle.com/bbs?cat=7&sub=2,,,PICO-8 FAQ | Resources | Forum | Carts Voxatron FAQ | Devmap | Forum | Carts BBS Blog,Log In PICO-8 FAQ | Resources | Forum | Carts Voxatron FAQ | Devmap | Forum | Carts BBS Blog Log In User: Password: New User | Account Help PICO-8 Voxatron Picotron PICO-8 Voxatron Picotron BBS | Blog | Superblog | GIFs NEW! About | Contact | Updates | Terms of Use Follow Lexaloffle: Generated 2026-09-10 07:21:53 | 0.003s | Q:0 || Log In PICO-8 FAQ | Resources | Forum | Carts Voxatron FAQ | Devmap | Forum | Carts BBS Blog || PICO-8 FAQ | Resources | Forum | Carts Voxatron FAQ | Devmap | Forum | Carts BBS Blog || FAQ | Resources | Forum | Carts || FAQ | Devmap | Forum | Carts
PICO-8,Blog,https://www.lexaloffle.com/gfx/top_pulldown.png,https://www.lexaloffle.com/bbs?cat=7&sub=2,,,PICO-8 FAQ | Resources | Forum | Carts Voxatron FAQ | Devmap | Forum | Carts BBS Blog,Log In PICO-8 FAQ | Resources | Forum | Carts Voxatron FAQ | Devmap | Forum | Carts BBS Blog Log In User: Password: New User | Account Help PICO-8 Voxatron Picotron PICO-8 Voxatron Picotron BBS | Blog | Superblog | GIFs NEW! About | Contact | Updates | Terms of Use Follow Lexaloffle: Generated 2026-09-10 07:21:55 | 0.003s | Q:0 || Log In PICO-8 FAQ | Resources | Forum | Carts Voxatron FAQ | Devmap | Forum | Carts BBS Blog || PICO-8 FAQ | Resources | Forum | Carts Voxatron FAQ | Devmap | Forum | Carts BBS Blog || FAQ | Resources | Forum | Carts || FAQ | Devmap | Forum | Carts
PICO-8,Blog,https://www.lexaloffle.com/gfx/top_pulldown.png,https://www.lexaloffle.com/bbs?cat=7&sub=2,,,PICO-8 FAQ | Resources | Forum | Carts Voxatron FAQ | Devmap | Forum | Carts BBS Blog,Log In PICO-8 FAQ | Resources | Forum | Carts Voxatron FAQ | Devmap | Forum | Carts BBS Blog Log In User: Password: New User | Account Help PICO-8 Voxatron Picotron PICO-8 Voxatron Picotron BBS | Blog | Superblog | GIFs NEW! About | Contact | Updates | Terms of Use Follow Lexaloffle: Generated 2026-09-10 07:21:56 | 0.002s | Q:0 || Log In PICO-8 FAQ | Resources | Forum | Carts Voxatron FAQ | Devmap | Forum | Carts BBS Blog || PICO-8 FAQ | Resources | Forum | Carts Voxatron FAQ | Devmap | Forum | Carts BBS Blog || FAQ | Resources | Forum | Carts || FAQ | Devmap | Forum | Carts
PICO-8,Blog,https://www.lexaloffle.com/gfx/top_pulldown.png,https://www.lexaloffle.com/bbs?cat=7&sub=2,,,PICO-8 FAQ | Resources | Forum | Carts Voxatron FAQ | Devmap | Forum | Carts BBS Blog,Log In PICO-8 FAQ | Resources | Forum | Carts Voxatron FAQ | Devmap | Forum | Carts BBS Blog Log In User: Password: New User | Account Help PICO-8 Voxatron Picotron PICO-8 Voxatron Picotron BBS | Blog | Superblog | GIFs NEW! About | Contact | Updates | Terms of Use Follow Lexaloffle: Generated 2026-09-10 07:21:57 | 0.004s | Q:0 || Log In PICO-8 FAQ | Resources | Forum | Carts Voxatron FAQ | Devmap | Forum | Carts BBS Blog || PICO-8 FAQ | Resources | Forum | Carts Voxatron FAQ | Devmap | Forum | Carts BBS Blog || FAQ | Resources | Forum | Carts || FAQ | Devmap | Forum | Carts
PICO-8,Blog,https://www.lexaloffle.com/gfx/top_pulldown.png,https://www.lexaloffle.com/bbs?cat=7&sub=2,,,PICO-8 FAQ | Resources | Forum | Carts Voxatron FAQ | Devmap | Forum | Carts BBS Blog,Log In PICO-8 FAQ | Resources | Forum | Carts Voxatron FAQ | Devmap | Forum | Carts BBS Blog Log In User: Password: New User | Account Help PICO-8 Voxatron Picotron PICO-8 Voxatron Picotron BBS | Blog | Superblog | GIFs NEW! About | Contact | Updates | Terms of Use Follow Lexaloffle: Generated 2026-09-10 07:21:58 | 0.003s | Q:0 || Log In PICO-8 FAQ | Resources | Forum | Carts Voxatron FAQ | Devmap | Forum | Carts BBS Blog || PICO-8 FAQ | Resources | Forum | Carts Voxatron FAQ | Devmap | Forum | Carts BBS Blog || FAQ | Resources | Forum | Carts || FAQ | Devmap | Forum | Carts
PICO-8,Blog,https://www.lexaloffle.com/gfx/top_pulldown.png,https://www.lexaloffle.com/bbs?cat=7&sub=2,,,PICO-8 FAQ | Resources | Forum | Carts Voxatron FAQ | Devmap | Forum | Carts BBS Blog,Log In PICO-8 FAQ | Resources | Forum | Carts Voxatron FAQ | Devmap | Forum | Carts BBS Blog Log In User: Password: New User | Account Help PICO-8 Voxatron Picotron PICO-8 Voxatron Picotron BBS | Blog | Superblog | GIFs NEW! About | Contact | Updates | Terms of Use Follow Lexaloffle: Generated 2026-09-10 07:21:59 | 0.003s | Q:0 || Log In PICO-8 FAQ | Resources | Forum | Carts Voxatron FAQ | Devmap | Forum | Carts BBS Blog || PICO-8 FAQ | Resources | Forum | Carts Voxatron FAQ | Devmap | Forum | Carts BBS Blog || FAQ | Resources | Forum | Carts || FAQ | Devmap | Forum | Carts
PICO-8,Blog,https://www.lexaloffle.com/gfx/top_pulldown.png,https://www.lexaloffle.com/bbs?cat=7&sub=2,,,PICO-8 FAQ | Resources | Forum | Carts Voxatron FAQ | Devmap | Forum | Carts BBS Blog,Log In PICO-8 FAQ | Resources | Forum | Carts Voxatron FAQ | Devmap | Forum | Carts BBS Blog Log In User: Password: New User | Account Help PICO-8 Voxatron Picotron PICO-8 Voxatron Picotron BBS | Blog | Superblog | GIFs NEW! About | Contact | Updates | Terms of Use Follow Lexaloffle: Generated 2026-09-10 07:22:00 | 0.004s | Q:0 || Log In PICO-8 FAQ | Resources | Forum | Carts Voxatron FAQ | Devmap | Forum | Carts BBS Blog || PICO-8 FAQ | Resources | Forum | Carts Voxatron FAQ | Devmap | Forum | Carts BBS Blog || FAQ | Resources | Forum | Carts || FAQ | Devmap | Forum | Carts
PICO-8,Blog,https://www.lexaloffle.com/gfx/top_pulldown.png,https://www.lexaloffle.com/bbs?cat=7&sub=2,,,PICO-8 FAQ | Resources | Forum | Carts Voxatron FAQ | Devmap | Forum | Carts BBS Blog,Log In PICO-8 FAQ | Resources | Forum | Carts Voxatron FAQ | Devmap | Forum | Carts BBS Blog Log In User: Password: New User | Account Help PICO-8 Voxatron Picotron PICO-8 Voxatron Picotron BBS | Blog | Superblog | GIFs NEW! About | Contact | Updates | Terms of Use Follow Lexaloffle: Generated 2026-09-10 07:22:01 | 0.002s | Q:0 || Log In PICO-8 FAQ | Resources | Forum | Carts Voxatron FAQ | Devmap | Forum | Carts BBS Blog || PICO-8 FAQ | Resources | Forum | Carts Voxatron FAQ | Devmap | Forum | Carts BBS Blog || FAQ | Resources | Forum | Carts || FAQ | Devmap | Forum | Carts
PICO-8,Blog,https://www.lexaloffle.com/gfx/top_pulldown.png,https://www.lexaloffle.com/bbs?cat=7&sub=2,,,PICO-8 FAQ | Resources | Forum | Carts Voxatron FAQ | Devmap | Forum | Carts BBS Blog,Log In PICO-8 FAQ | Resources | Forum | Carts Voxatron FAQ | Devmap | Forum | Carts BBS Blog Log In User: Password: New User | Account Help PICO-8 Voxatron Picotron PICO-8 Voxatron Picotron BBS | Blog | Superblog | GIFs NEW! About | Contact | Updates | Terms of Use Follow Lexaloffle: Generated 2026-09-10 07:22:03 | 0.003s | Q:0 || Log In PICO-8 FAQ | Resources | Forum | Carts Voxatron FAQ | Devmap | Forum | Carts BBS Blog || PICO-8 FAQ | Resources | Forum | Carts Voxatron FAQ | Devmap | Forum | Carts BBS Blog || FAQ | Resources | Forum | Carts || FAQ | Devmap | Forum | Carts
PICO-8,Blog,https://www.lexaloffle.com/gfx/top_pulldown.png,https://www.lexaloffle.com/bbs?cat=7&sub=2,,,PICO-8 FAQ | Resources | Forum | Carts Voxatron FAQ | Devmap | Forum | Carts BBS Blog,Log In PICO-8 FAQ | Resources | Forum | Carts Voxatron FAQ | Devmap | Forum | Carts BBS Blog Log In User: Password: New User | Account Help PICO-8 Voxatron Picotron PICO-8 Voxatron Picotron BBS | Blog | Superblog | GIFs NEW! About | Contact | Updates | Terms of Use Follow Lexaloffle: Generated 2026-09-10 07:22:04 | 0.002s | Q:0 || Log In PICO-8 FAQ | Resources | Forum | Carts Voxatron FAQ | Devmap | Forum | Carts BBS Blog || PICO-8 FAQ | Resources | Forum | Carts Voxatron FAQ | Devmap | Forum | Carts BBS Blog || FAQ | Resources | Forum | Carts || FAQ | Devmap | Forum | Carts
PICO-8,Blog,https://www.lexaloffle.com/gfx/top_pulldown.png,https://www.lexaloffle.com/bbs?cat=7&sub=2,,,PICO-8 FAQ | Resources | Forum | Carts Voxatron FAQ | Devmap | Forum | Carts BBS Blog,Log In PICO-8 FAQ | Resources | Forum | Carts Voxatron FAQ | Devmap | Forum | Carts BBS Blog Log In User: Password: New User | Account Help PICO-8 Voxatron Picotron PICO-8 Voxatron Picotron BBS | Blog | Superblog | GIFs NEW! About | Contact | Updates | Terms of Use Follow Lexaloffle: Generated 2026-09-10 07:22:05 | 0.002s | Q:0 || Log In PICO-8 FAQ | Resources | Forum | Carts Voxatron FAQ | Devmap | Forum | Carts BBS Blog || PICO-8 FAQ | Resources | Forum | Carts Voxatron FAQ | Devmap | Forum | Carts BBS Blog || FAQ | Resources | Forum | Carts || FAQ | Devmap | Forum | Carts
PICO-8,Blog,https://www.lexaloffle.com/gfx/top_pulldown.png,https://www.lexaloffle.com/bbs?cat=7&sub=2,,,PICO-8 FAQ | Resources | Forum | Carts Voxatron FAQ | Devmap | Forum | Carts BBS Blog,Log In PICO-8 FAQ | Resources | Forum | Carts Voxatron FAQ | Devmap | Forum | Carts BBS Blog Log In User: Password: New User | Account Help PICO-8 Voxatron Picotron PICO-8 Voxatron Picotron BBS | Blog | Superblog | GIFs NEW! About | Contact | Updates | Terms of Use Follow Lexaloffle: Generated 2026-09-10 07:22:06 | 0.003s | Q:0 || Log In PICO-8 FAQ | Resources | Forum | Carts Voxatron FAQ | Devmap | Forum | Carts BBS Blog || PICO-8 FAQ | Resources | Forum | Carts Voxatron FAQ | Devmap | Forum | Carts BBS Blog || FAQ | Resources | Forum | Carts || FAQ | Devmap | Forum | Carts
PICO-8,Blog,https://www.lexaloffle.com/gfx/top_pulldown.png,https://www.lexaloffle.com/bbs?cat=7&sub=2,,,PICO-8 FAQ | Resources | Forum | Carts Voxatron FAQ | Devmap | Forum | Carts BBS Blog,Log In PICO-8 FAQ | Resources | Forum | Carts Voxatron FAQ | Devmap | Forum | Carts BBS Blog Log In User: Password: New User | Account Help PICO-8 Voxatron Picotron PICO-8 Voxatron Picotron BBS | Blog | Superblog | GIFs NEW! About | Contact | Updates | Terms of Use Follow Lexaloffle: Generated 2026-09-10 07:22:07 | 0.003s | Q:0 || Log In PICO-8 FAQ | Resources | Forum | Carts Voxatron FAQ | Devmap | Forum | Carts BBS Blog || PICO-8 FAQ | Resources | Forum | Carts Voxatron FAQ | Devmap | Forum | Carts BBS Blog || FAQ | Resources | Forum | Carts || FAQ | Devmap | Forum | Carts
PICO-8,Blog,https://www.lexaloffle.com/gfx/top_pulldown.png,https://www.lexaloffle.com/bbs?cat=7&sub=2,,,PICO-8 FAQ | Resources | Forum | Carts Voxatron FAQ | Devmap | Forum | Carts BBS Blog,Log In PICO-8 FAQ | Resources | Forum | Carts Voxatron FAQ | Devmap | Forum | Carts BBS Blog Log In User: Password: New User | Account Help PICO-8 Voxatron Picotron PICO-8 Voxatron Picotron BBS | Blog | Superblog | GIFs NEW! About | Contact | Updates | Terms of Use Follow Lexaloffle: Generated 2026-09-10 07:22:08 | 0.002s | Q:0 || Log In PICO-8 FAQ | Resources | Forum | Carts Voxatron FAQ | Devmap | Forum | Carts BBS Blog || PICO-8 FAQ | Resources | Forum | Carts Voxatron FAQ | Devmap | Forum | Carts BBS Blog || FAQ | Resources | Forum | Carts || FAQ | Devmap | Forum | Carts
PICO-8,Blog,https://www.lexaloffle.com/gfx/top_pulldown.png,https://www.lexaloffle.com/bbs?cat=7&sub=2,,,PICO-8 FAQ | Resources | Forum | Carts Voxatron FAQ | Devmap | Forum | Carts BBS Blog,Log In PICO-8 FAQ | Resources | Forum | Carts Voxatron FAQ | Devmap | Forum | Carts BBS Blog Log In User: Password: New User | Account Help PICO-8 Voxatron Picotron PICO-8 Voxatron Picotron BBS | Blog | Superblog | GIFs NEW! About | Contact | Updates | Terms of Use Follow Lexaloffle: Generated 2026-09-10 07:22:09 | 0.003s | Q:0 || Log In PICO-8 FAQ | Resources | Forum | Carts Voxatron FAQ | Devmap | Forum | Carts BBS Blog || PICO-8 FAQ | Resources | Forum | Carts Voxatron FAQ | Devmap | Forum | Carts BBS Blog || FAQ | Resources | Forum | Carts || FAQ | Devmap | Forum | Carts
PICO-8,Blog,https://www.lexaloffle.com/gfx/top_pulldown.png,https://www.lexaloffle.com/bbs?cat=7&sub=2,,,PICO-8 FAQ | Resources | Forum | Carts Voxatron FAQ | Devmap | Forum | Carts BBS Blog,Log In PICO-8 FAQ | Resources | Forum | Carts Voxatron FAQ | Devmap | Forum | Carts BBS Blog Log In User: Password: New User | Account Help PICO-8 Voxatron Picotron PICO-8 Voxatron Picotron BBS | Blog | Superblog | GIFs NEW! About | Contact | Updates | Terms of Use Follow Lexaloffle: Generated 2026-09-10 07:22:10 | 0.003s | Q:0 || Log In PICO-8 FAQ | Resources | Forum | Carts Voxatron FAQ | Devmap | Forum | Carts BBS Blog || PICO-8 FAQ | Resources | Forum | Carts Voxatron FAQ | Devmap | Forum | Carts BBS Blog || FAQ | Resources | Forum | Carts || FAQ | Devmap | Forum | Carts
PICO-8,Blog,https://www.lexaloffle.com/gfx/top_pulldown.png,https://www.lexaloffle.com/bbs?cat=7&sub=2,,,PICO-8 FAQ | Resources | Forum | Carts Voxatron FAQ | Devmap | Forum | Carts BBS Blog,Log In PICO-8 FAQ | Resources | Forum | Carts Voxatron FAQ | Devmap | Forum | Carts BBS Blog Log In User: Password: New User | Account Help PICO-8 Voxatron Picotron PICO-8 Voxatron Picotron BBS | Blog | Superblog | GIFs NEW! About | Contact | Updates | Terms of Use Follow Lexaloffle: Generated 2026-09-10 07:22:12 | 0.004s | Q:0 || Log In PICO-8 FAQ | Resources | Forum | Carts Voxatron FAQ | Devmap | Forum | Carts BBS Blog || PICO-8 FAQ | Resources | Forum | Carts Voxatron FAQ | Devmap | Forum | Carts BBS Blog || FAQ | Resources | Forum | Carts || FAQ | Devmap | Forum | Carts
PICO-8,Blog,https://www.lexaloffle.com/gfx/top_pulldown.png,https://www.lexaloffle.com/bbs?cat=7&sub=2,,,PICO-8 FAQ | Resources | Forum | Carts Voxatron FAQ | Devmap | Forum | Carts BBS Blog,Log In PICO-8 FAQ | Resources | Forum | Carts Voxatron FAQ | Devmap | Forum | Carts BBS Blog Log In User: Password: New User | Account Help PICO-8 Voxatron Picotron PICO-8 Voxatron Picotron BBS | Blog | Superblog | GIFs NEW! About | Contact | Updates | Terms of Use Follow Lexaloffle: Generated 2026-09-10 07:22:13 | 0.004s | Q:0 || Log In PICO-8 FAQ | Resources | Forum | Carts Voxatron FAQ | Devmap | Forum | Carts BBS Blog || PICO-8 FAQ | Resources | Forum | Carts Voxatron FAQ | Devmap | Forum | Carts BBS Blog || FAQ | Resources | Forum | Carts || FAQ | Devmap | Forum | Carts
PICO-8,Blog,https://www.lexaloffle.com/gfx/top_pulldown.png,https://www.lexaloffle.com/bbs?cat=7&sub=2,,,PICO-8 FAQ | Resources | Forum | Carts Voxatron FAQ | Devmap | Forum | Carts BBS Blog,Log In PICO-8 FAQ | Resources | Forum | Carts Voxatron FAQ | Devmap | Forum | Carts BBS Blog Log In User: Password: New User | Account Help PICO-8 Voxatron Picotron PICO-8 Voxatron Picotron BBS | Blog | Superblog | GIFs NEW! About | Contact | Updates | Terms of Use Follow Lexaloffle: Generated 2026-09-10 07:22:14 | 0.003s | Q:0 || Log In PICO-8 FAQ | Resources | Forum | Carts Voxatron FAQ | Devmap | Forum | Carts BBS Blog || PICO-8 FAQ | Resources | Forum | Carts Voxatron FAQ | Devmap | Forum | Carts BBS Blog || FAQ | Resources | Forum | Carts || FAQ | Devmap | Forum | Carts
PICO-8,Blog,https://www.lexaloffle.com/gfx/top_pulldown.png,https://www.lexaloffle.com/bbs?cat=7&sub=2,,,PICO-8 FAQ | Resources | Forum | Carts Voxatron FAQ | Devmap | Forum | Carts BBS Blog,Log In PICO-8 FAQ | Resources | Forum | Carts Voxatron FAQ | Devmap | Forum | Carts BBS Blog Log In User: Password: New User | Account Help PICO-8 Voxatron Picotron PICO-8 Voxatron Picotron BBS | Blog | Superblog | GIFs NEW! About | Contact | Updates | Terms of Use Follow Lexaloffle: Generated 2026-09-10 07:22:16 | 0.003s | Q:0 || Log In PICO-8 FAQ | Resources | Forum | Carts Voxatron FAQ | Devmap | Forum | Carts BBS Blog || PICO-8 FAQ | Resources | Forum | Carts Voxatron FAQ | Devmap | Forum | Carts BBS Blog || FAQ | Resources | Forum | Carts || FAQ | Devmap | Forum | Carts
PICO-8,Blog,https://www.lexaloffle.com/gfx/top_pulldown.png,https://www.lexaloffle.com/bbs?cat=7&sub=2,,,PICO-8 FAQ | Resources | Forum | Carts Voxatron FAQ | Devmap | Forum | Carts BBS Blog,Log In PICO-8 FAQ | Resources | Forum | Carts Voxatron FAQ | Devmap | Forum | Carts BBS Blog Log In User: Password: New User | Account Help PICO-8 Voxatron Picotron PICO-8 Voxatron Picotron BBS | Blog | Superblog | GIFs NEW! About | Contact | Updates | Terms of Use Follow Lexaloffle: Generated 2026-09-10 07:22:17 | 0.003s | Q:0 || Log In PICO-8 FAQ | Resources | Forum | Carts Voxatron FAQ | Devmap | Forum | Carts BBS Blog || PICO-8 FAQ | Resources | Forum | Carts Voxatron FAQ | Devmap | Forum | Carts BBS Blog || FAQ | Resources | Forum | Carts || FAQ | Devmap | Forum | Carts
PICO-8,Blog,https://www.lexaloffle.com/gfx/top_pulldown.png,https://www.lexaloffle.com/bbs?cat=7&sub=2,,,PICO-8 FAQ | Resources | Forum | Carts Voxatron FAQ | Devmap | Forum | Carts BBS Blog,Log In PICO-8 FAQ | Resources | Forum | Carts Voxatron FAQ | Devmap | Forum | Carts BBS Blog Log In User: Password: New User | Account Help PICO-8 Voxatron Picotron PICO-8 Voxatron Picotron BBS | Blog | Superblog | GIFs NEW! About | Contact | Updates | Terms of Use Follow Lexaloffle: Generated 2026-09-10 07:22:18 | 0.003s | Q:0 || Log In PICO-8 FAQ | Resources | Forum | Carts Voxatron FAQ | Devmap | Forum | Carts BBS Blog || PICO-8 FAQ | Resources | Forum | Carts Voxatron FAQ | Devmap | Forum | Carts BBS Blog || FAQ | Resources | Forum | Carts || FAQ | Devmap | Forum | Carts
PICO-8,Blog,https://www.lexaloffle.com/gfx/top_pulldown.png,https://www.lexaloffle.com/bbs?cat=7&sub=2,,,PICO-8 FAQ | Resources | Forum | Carts Voxatron FAQ | Devmap | Forum | Carts BBS Blog,Log In PICO-8 FAQ | Resources | Forum | Carts Voxatron FAQ | Devmap | Forum | Carts BBS Blog Log In User: Password: New User | Account Help PICO-8 Voxatron Picotron PICO-8 Voxatron Picotron BBS | Blog | Superblog | GIFs NEW! About | Contact | Updates | Terms of Use Follow Lexaloffle: Generated 2026-09-10 07:22:19 | 0.004s | Q:0 || Log In PICO-8 FAQ | Resources | Forum | Carts Voxatron FAQ | Devmap | Forum | Carts BBS Blog || PICO-8 FAQ | Resources | Forum | Carts Voxatron FAQ | Devmap | Forum | Carts BBS Blog || FAQ | Resources | Forum | Carts || FAQ | Devmap | Forum | Carts
PICO-8,Blog,https://www.lexaloffle.com/gfx/top_pulldown.png,https://www.lexaloffle.com/bbs?cat=7&sub=2,,,PICO-8 FAQ | Resources | Forum | Carts Voxatron FAQ | Devmap | Forum | Carts BBS Blog,Log In PICO-8 FAQ | Resources | Forum | Carts Voxatron FAQ | Devmap | Forum | Carts BBS Blog Log In User: Password: New User | Account Help PICO-8 Voxatron Picotron PICO-8 Voxatron Picotron BBS | Blog | Superblog | GIFs NEW! About | Contact | Updates | Terms of Use Follow Lexaloffle: Generated 2026-09-10 07:22:21 | 0.003s | Q:0 || Log In PICO-8 FAQ | Resources | Forum | Carts Voxatron FAQ | Devmap | Forum | Carts BBS Blog || PICO-8 FAQ | Resources | Forum | Carts Voxatron FAQ | Devmap | Forum | Carts BBS Blog || FAQ | Resources | Forum | Carts || FAQ | Devmap | Forum | Carts
PICO-8,Blog,https://www.lexaloffle.com/gfx/top_pulldown.png,https://www.lexaloffle.com/bbs?cat=7&sub=2,,,PICO-8 FAQ | Resources | Forum | Carts Voxatron FAQ | Devmap | Forum | Carts BBS Blog,Log In PICO-8 FAQ | Resources | Forum | Carts Voxatron FAQ | Devmap | Forum | Carts BBS Blog Log In User: Password: New User | Account Help PICO-8 Voxatron Picotron PICO-8 Voxatron Picotron BBS | Blog | Superblog | GIFs NEW! About | Contact | Updates | Terms of Use Follow Lexaloffle: Generated 2026-09-10 07:22:22 | 0.002s | Q:0 || Log In PICO-8 FAQ | Resources | Forum | Carts Voxatron FAQ | Devmap | Forum | Carts BBS Blog || PICO-8 FAQ | Resources | Forum | Carts Voxatron FAQ | Devmap | Forum | Carts BBS Blog || FAQ | Resources | Forum | Carts || FAQ | Devmap | Forum | Carts
PICO-8,Blog,https://www.lexaloffle.com/gfx/top_pulldown.png,https://www.lexaloffle.com/bbs?cat=7&sub=2,,,PICO-8 FAQ | Resources | Forum | Carts Voxatron FAQ | Devmap | Forum | Carts BBS Blog,Log In PICO-8 FAQ | Resources | Forum | Carts Voxatron FAQ | Devmap | Forum | Carts BBS Blog Log In User: Password: New User | Account Help PICO-8 Voxatron Picotron PICO-8 Voxatron Picotron BBS | Blog | Superblog | GIFs NEW! About | Contact | Updates | Terms of Use Follow Lexaloffle: Generated 2026-09-10 07:22:24 | 0.003s | Q:0 || Log In PICO-8 FAQ | Resources | Forum | Carts Voxatron FAQ | Devmap | Forum | Carts BBS Blog || PICO-8 FAQ | Resources | Forum | Carts Voxatron FAQ | Devmap | Forum | Carts BBS Blog || FAQ | Resources | Forum | Carts || FAQ | Devmap | Forum | Carts
PICO-8,Blog,https://www.lexaloffle.com/gfx/top_pulldown.png,https://www.lexaloffle.com/bbs?cat=7&sub=2,,,PICO-8 FAQ | Resources | Forum | Carts Voxatron FAQ | Devmap | Forum | Carts BBS Blog,Log In PICO-8 FAQ | Resources | Forum | Carts Voxatron FAQ | Devmap | Forum | Carts BBS Blog Log In User: Password: New User | Account Help PICO-8 Voxatron Picotron PICO-8 Voxatron Picotron BBS | Blog | Superblog | GIFs NEW! About | Contact | Updates | Terms of Use Follow Lexaloffle: Generated 2026-09-10 07:22:25 | 0.002s | Q:0 || Log In PICO-8 FAQ | Resources | Forum | Carts Voxatron FAQ | Devmap | Forum | Carts BBS Blog || PICO-8 FAQ | Resources | Forum | Carts Voxatron FAQ | Devmap | Forum | Carts BBS Blog || FAQ | Resources | Forum | Carts || FAQ | Devmap | Forum | Carts
PICO-8,Blog,https://www.lexaloffle.com/gfx/top_pulldown.png,https://www.lexaloffle.com/bbs?cat=7&sub=2,,,PICO-8 FAQ | Resources | Forum | Carts Voxatron FAQ | Devmap | Forum | Carts BBS Blog,Log In PICO-8 FAQ | Resources | Forum | Carts Voxatron FAQ | Devmap | Forum | Carts BBS Blog Log In User: Password: New User | Account Help PICO-8 Voxatron Picotron PICO-8 Voxatron Picotron BBS | Blog | Superblog | GIFs NEW! About | Contact | Updates | Terms of Use Follow Lexaloffle: Generated 2026-09-10 07:22:26 | 0.003s | Q:0 || Log In PICO-8 FAQ | Resources | Forum | Carts Voxatron FAQ | Devmap | Forum | Carts BBS Blog || PICO-8 FAQ | Resources | Forum | Carts Voxatron FAQ | Devmap | Forum | Carts BBS Blog || FAQ | Resources | Forum | Carts || FAQ | Devmap | Forum | Carts
PICO-8,Blog,https://www.lexaloffle.com/gfx/top_pulldown.png,https://www.lexaloffle.com/bbs?cat=7&sub=2,,,PICO-8 FAQ | Resources | Forum | Carts Voxatron FAQ | Devmap | Forum | Carts BBS Blog,Log In PICO-8 FAQ | Resources | Forum | Carts Voxatron FAQ | Devmap | Forum | Carts BBS Blog Log In User: Password: New User | Account Help PICO-8 Voxatron Picotron PICO-8 Voxatron Picotron BBS | Blog | Superblog | GIFs NEW! About | Contact | Updates | Terms of Use Follow Lexaloffle: Generated 2026-09-10 07:22:28 | 0.003s | Q:0 || Log In PICO-8 FAQ | Resources | Forum | Carts Voxatron FAQ | Devmap | Forum | Carts BBS Blog || PICO-8 FAQ | Resources | Forum | Carts Voxatron FAQ | Devmap | Forum | Carts BBS Blog || FAQ | Resources | Forum | Carts || FAQ | Devmap | Forum | Carts
PICO-8,Blog,https://www.lexaloffle.com/gfx/top_pulldown.png,https://www.lexaloffle.com/bbs?cat=7&sub=2,,,PICO-8 FAQ | Resources | Forum | Carts Voxatron FAQ | Devmap | Forum | Carts BBS Blog,Log In PICO-8 FAQ | Resources | Forum | Carts Voxatron FAQ | Devmap | Forum | Carts BBS Blog Log In User: Password: New User | Account Help PICO-8 Voxatron Picotron PICO-8 Voxatron Picotron BBS | Blog | Superblog | GIFs NEW! About | Contact | Updates | Terms of Use Follow Lexaloffle: Generated 2026-09-10 07:22:29 | 0.002s | Q:0 || Log In PICO-8 FAQ | Resources | Forum | Carts Voxatron FAQ | Devmap | Forum | Carts BBS Blog || PICO-8 FAQ | Resources | Forum | Carts Voxatron FAQ | Devmap | Forum | Carts BBS Blog || FAQ | Resources | Forum | Carts || FAQ | Devmap | Forum | Carts
PICO-8,Blog,https://www.lexaloffle.com/gfx/top_pulldown.png,https://www.lexaloffle.com/bbs?cat=7&sub=2,,,PICO-8 FAQ | Resources | Forum | Carts Voxatron FAQ | Devmap | Forum | Carts BBS Blog,Log In PICO-8 FAQ | Resources | Forum | Carts Voxatron FAQ | Devmap | Forum | Carts BBS Blog Log In User: Password: New User | Account Help PICO-8 Voxatron Picotron PICO-8 Voxatron Picotron BBS | Blog | Superblog | GIFs NEW! About | Contact | Updates | Terms of Use Follow Lexaloffle: Generated 2026-09-10 07:22:30 | 0.003s | Q:0 || Log In PICO-8 FAQ | Resources | Forum | Carts Voxatron FAQ | Devmap | Forum | Carts BBS Blog || PICO-8 FAQ | Resources | Forum | Carts Voxatron FAQ | Devmap | Forum | Carts BBS Blog || FAQ | Resources | Forum | Carts || FAQ | Devmap | Forum | Carts
PICO-8,Blog,https://www.lexaloffle.com/gfx/top_pulldown.png,https://www.lexaloffle.com/bbs?cat=7&sub=2,,,PICO-8 FAQ | Resources | Forum | Carts Voxatron FAQ | Devmap | Forum | Carts BBS Blog,Log In PICO-8 FAQ | Resources | Forum | Carts Voxatron FAQ | Devmap | Forum | Carts BBS Blog Log In User: Password: New User | Account Help PICO-8 Voxatron Picotron PICO-8 Voxatron Picotron BBS | Blog | Superblog | GIFs NEW! About | Contact | Updates | Terms of Use Follow Lexaloffle: Generated 2026-09-10 07:22:31 | 0.002s | Q:0 || Log In PICO-8 FAQ | Resources | Forum | Carts Voxatron FAQ | Devmap | Forum | Carts BBS Blog || PICO-8 FAQ | Resources | Forum | Carts Voxatron FAQ | Devmap | Forum | Carts BBS Blog || FAQ | Resources | Forum | Carts || FAQ | Devmap | Forum | Carts
PICO-8,Blog,https://www.lexaloffle.com/gfx/top_pulldown.png,https://www.lexaloffle.com/bbs?cat=7&sub=2,,,PICO-8 FAQ | Resources | Forum | Carts Voxatron FAQ | Devmap | Forum | Carts BBS Blog,Log In PICO-8 FAQ | Resources | Forum | Carts Voxatron FAQ | Devmap | Forum | Carts BBS Blog Log In User: Password: New User | Account Help PICO-8 Voxatron Picotron PICO-8 Voxatron Picotron BBS | Blog | Superblog | GIFs NEW! About | Contact | Updates | Terms of Use Follow Lexaloffle: Generated 2026-09-10 07:22:32 | 0.003s | Q:0 || Log In PICO-8 FAQ | Resources | Forum | Carts Voxatron FAQ | Devmap | Forum | Carts BBS Blog || PICO-8 FAQ | Resources | Forum | Carts Voxatron FAQ | Devmap | Forum | Carts BBS Blog || FAQ | Resources | Forum | Carts || FAQ | Devmap | Forum | Carts
PICO-8,Blog,https://www.lexaloffle.com/gfx/top_pulldown.png,https://www.lexaloffle.com/bbs?cat=7&sub=2,,,PICO-8 FAQ | Resources | Forum | Carts Voxatron FAQ | Devmap | Forum | Carts BBS Blog,Log In PICO-8 FAQ | Resources | Forum | Carts Voxatron FAQ | Devmap | Forum | Carts BBS Blog Log In User: Password: New User | Account Help PICO-8 Voxatron Picotron PICO-8 Voxatron Picotron BBS | Blog | Superblog | GIFs NEW! About | Contact | Updates | Terms of Use Follow Lexaloffle: Generated 2026-09-10 07:22:34 | 0.003s | Q:0 || Log In PICO-8 FAQ | Resources | Forum | Carts Voxatron FAQ | Devmap | Forum | Carts BBS Blog || PICO-8 FAQ | Resources | Forum | Carts Voxatron FAQ | Devmap | Forum | Carts BBS Blog || FAQ | Resources | Forum | Carts || FAQ | Devmap | Forum | Carts
PICO-8,Blog,https://www.lexaloffle.com/gfx/top_pulldown.png,https://www.lexaloffle.com/bbs?cat=7&sub=2,,,PICO-8 FAQ | Resources | Forum | Carts Voxatron FAQ | Devmap | Forum | Carts BBS Blog,Log In PICO-8 FAQ | Resources | Forum | Carts Voxatron FAQ | Devmap | Forum | Carts BBS Blog Log In User: Password: New User | Account Help PICO-8 Voxatron Picotron PICO-8 Voxatron Picotron BBS | Blog | Superblog | GIFs NEW! About | Contact | Updates | Terms of Use Follow Lexaloffle: Generated 2026-09-10 07:22:35 | 0.003s | Q:0 || Log In PICO-8 FAQ | Resources | Forum | Carts Voxatron FAQ | Devmap | Forum | Carts BBS Blog || PICO-8 FAQ | Resources | Forum | Carts Voxatron FAQ | Devmap | Forum | Carts BBS Blog || FAQ | Resources | Forum | Carts || FAQ | Devmap | Forum | Carts
